N,Team,Season,GP,W,L,T,OT,P,ROW,P_Shr,GF,GA,S_O_Win,GF_GP,GA_GP,PP_Shr,PK_Shr,Shots_GP,SA_GP,FOW_Shr
1,Pittsburgh Penguins,2016-17,25,16,9,0,0,32,0,.640,77,57,0,3.08,2.28,20.5,83.6,28.7,31.8,50.4
2,Nashville Predators,2016-17,22,14,8,0,0,28,0,.636,60,48,0,2.73,2.18,16.9,89.1,29.7,28.1,50.5
3,Ottawa Senators,2016-17,19,11,8,0,0,22,0,.579,47,50,0,2.47,2.63,11.5,81.3,30.2,32.7,51.5
4,Anaheim Ducks,2016-17,17,10,7,0,0,20,0,.588,50,52,0,2.94,3.06,13.0,76.6,34.2,32.3,55.2
5,Edmonton Oilers,2016-17,13,7,6,0,0,14,0,.538,36,35,0,2.77,2.69,21.4,85.7,29.2,34.2,44.4
6,Washington Capitals,2016-17,13,7,6,0,0,14,0,.538,36,36,0,2.77,2.77,25.0,85.0,33.8,28.8,47.5
7,Vegas Golden Knights,2017-18,8,6,2,0,0,12,0,.750,21,14,0,2.63,1.75,17.1,85.3,32.6,35.8,46.6
8,Nashville Predators,2017-18,10,6,4,0,0,12,0,.600,34,31,0,3.40,3.10,21.9,83.9,36.0,31.9,56.7
9,Tampa Bay Lightning,2017-18,8,6,2,0,0,12,0,.750,28,21,0,3.50,2.63,25.8,79.2,34.0,30.5,53.0
10,New York Rangers,2016-17,12,6,6,0,0,12,0,.500,34,30,0,2.83,2.50,7.7,89.5,33.0,33.0,47.1
11,Pittsburgh Penguins,2017-18,10,6,4,0,0,12,0,.600,38,26,0,3.80,2.60,21.1,84.4,28.8,25.7,51.9
12,Washington Capitals,2017-18,10,6,4,0,0,12,0,.600,35,28,0,3.50,2.80,31.6,81.1,33.2,30.0,48.9
13,St. Louis Blues,2016-17,11,6,5,0,0,12,0,.545,22,23,0,2.00,2.09,6.7,80.0,26.9,30.6,45.0
14,Winnipeg Jets,2017-18,9,6,3,0,0,12,0,.667,32,21,0,3.56,2.33,25.0,73.1,35.1,30.4,48.9
15,San Jose Sharks,2017-18,8,6,2,0,0,12,0,.750,27,18,0,3.38,2.25,24.4,80.0,35.6,32.8,52.5
16,Boston Bruins,2017-18,10,5,5,0,0,10,0,.500,37,30,0,3.70,3.00,34.6,74.1,31.8,30.1,48.7
17,Toronto Maple Leafs,2017-18,7,3,4,0,0,6,0,.428,20,28,0,2.86,4.00,26.7,66.7,28.1,35.0,50.2
18,San Jose Sharks,2016-17,6,2,4,0,0,4,0,.333,14,12,0,2.33,2.00,19.2,87.5,28.8,28.2,52.8
19,Montréal Canadiens,2016-17,6,2,4,0,0,4,0,.333,11,14,0,1.83,2.33,15.0,93.3,34.3,30.2,50.9
20,Boston Bruins,2016-17,6,2,4,0,0,4,0,.333,13,15,0,2.17,2.50,18.8,78.3,27.5,31.2,50.1
21,Colorado Avalanche,2017-18,6,2,4,0,0,4,0,.333,15,22,0,2.50,3.67,10.0,84.2,28.7,35.3,40.9
22,Toronto Maple Leafs,2016-17,6,2,4,0,0,4,0,.333,16,18,0,2.67,3.00,16.7,70.6,35.5,35.2,53.9
23,Columbus Blue Jackets,2017-18,6,2,4,0,0,4,0,.333,18,24,0,3.00,4.00,16.7,66.7,32.7,37.2,50.2
24,Philadelphia Flyers,2017-18,6,2,4,0,0,4,0,.333,15,28,0,2.50,4.67,9.5,80.0,24.7,30.7,48.6
25,Columbus Blue Jackets,2016-17,5,1,4,0,0,2,0,.200,13,21,0,2.60,4.20,16.7,66.7,38.8,34.2,47.5
26,Minnesota Wild,2017-18,5,1,4,0,0,2,0,.200,9,16,0,1.80,3.20,23.1,76.9,25.2,33.8,48.8
27,New Jersey Devils,2017-18,5,1,4,0,0,2,0,.200,12,18,0,2.40,3.60,15.8,73.7,34.2,33.6,47.6
28,Minnesota Wild,2016-17,5,1,4,0,0,2,0,.200,8,11,0,1.60,2.20,16.7,93.3,36.4,26.8,57.4
29,Los Angeles Kings,2013-14,26,16,10,0,0,0,0,.000,88,70,0,3.38,2.69,23.5,83.3,32.3,30.1,52.9
30,Detroit Red Wings,2007-08,22,16,6,0,0,0,0,.000,72,41,0,3.27,1.86,18.9,85.7,36.5,23.6,54.6
31,New Jersey Devils,1994-95,20,16,4,0,0,0,0,.000,67,34,0,3.35,1.70,25.0,86.5,30.4,23.3,0.0
32,Detroit Red Wings,1997-98,22,16,6,0,0,0,0,.000,75,49,0,3.41,2.23,15.5,88.2,31.9,26.8,52.7
33,Pittsburgh Penguins,1991-92,21,16,5,0,0,0,0,.000,83,63,0,3.95,3.00,24.5,85.9,29.7,30.4,0.0
34,Detroit Red Wings,1996-97,20,16,4,0,0,0,0,.000,58,38,0,2.90,1.90,14.5,84.4,36.8,25.8,0.0
35,Pittsburgh Penguins,2008-09,24,16,8,0,0,0,0,.000,79,64,0,3.29,2.67,20.6,83.3,32.5,29.0,48.4
36,Carolina Hurricanes,2005-06,25,16,9,0,0,0,0,.000,73,60,0,2.92,2.40,24.0,85.4,28.8,27.0,51.2
37,New Jersey Devils,2002-03,24,16,8,0,0,0,0,.000,63,41,0,2.63,1.71,15.5,89.2,28.6,26.3,47.0
38,New York Rangers,1993-94,23,16,7,0,0,0,0,.000,81,50,0,3.52,2.17,21.1,91.3,33.4,27.8,0.0
39,Edmonton Oilers,1986-87,21,16,5,0,0,0,0,.000,87,57,0,4.14,2.71,20.7,81.8,32.0,26.1,--
40,Montréal Canadiens,1992-93,20,16,4,0,0,0,0,.000,66,51,0,3.30,2.55,18.3,84.9,32.6,33.0,0.0
41,Dallas Stars,1998-99,23,16,7,0,0,0,0,.000,64,44,0,2.78,1.91,12.1,90.5,31.7,26.9,55.6
42,Calgary Flames,1988-89,22,16,6,0,0,0,0,.000,82,55,0,3.73,2.50,21.4,85.7,34.0,25.5,0.0
43,Colorado Avalanche,2000-01,23,16,7,0,0,0,0,.000,69,41,0,3.00,1.78,19.8,85.9,26.3,27.0,53.1
44,Edmonton Oilers,1989-90,22,16,6,0,0,0,0,.000,93,60,0,4.23,2.73,21.2,85.7,27.7,30.6,0.0
45,Chicago Blackhawks,2014-15,23,16,7,0,0,0,0,.000,69,60,0,3.00,2.61,17.9,79.0,31.4,34.3,53.1
46,Tampa Bay Lightning,2003-04,23,16,7,0,0,0,0,.000,60,43,0,2.61,1.87,21.0,85.5,26.2,26.8,48.7
47,Edmonton Oilers,1987-88,18,16,2,0,0,0,0,.000,84,53,0,4.67,2.94,26.5,82.9,27.4,25.1,0.0
48,Chicago Blackhawks,2012-13,23,16,7,0,0,0,0,.000,64,48,0,2.78,2.09,11.4,90.8,34.2,29.4,46.8
49,Pittsburgh Penguins,1990-91,24,16,8,0,0,0,0,.000,95,68,0,3.96,2.83,19.0,79.2,30.8,32.5,0.0
50,Los Angeles Kings,2011-12,20,16,4,0,0,0,0,.000,57,30,0,2.85,1.50,12.8,92.1,30.6,26.9,49.7
51,New Jersey Devils,1999-00,23,16,7,0,0,0,0,.000,61,39,0,2.65,1.70,17.1,92.5,31.6,23.3,47.6
52,Pittsburgh Penguins,2015-16,24,16,8,0,0,0,0,.000,73,55,0,3.04,2.29,23.4,85.1,34.9,28.0,50.5
53,Anaheim Ducks,2006-07,21,16,5,0,0,0,0,.000,58,45,0,2.76,2.14,15.2,86.8,30.5,27.6,50.5
54,Detroit Red Wings,2001-02,23,16,7,0,0,0,0,.000,72,47,0,3.13,2.04,19.2,86.5,29.9,24.6,52.0
55,Boston Bruins,2010-11,25,16,9,0,0,0,0,.000,81,53,0,3.24,2.12,11.4,84.4,31.9,34.0,52.0
56,Colorado Avalanche,1995-96,22,16,6,0,0,0,0,.000,80,51,0,3.64,2.32,21.8,85.0,30.2,29.5,0.0
57,Chicago Blackhawks,2009-10,22,16,6,0,0,0,0,.000,78,62,0,3.55,2.82,22.5,83.3,31.8,29.6,50.8
58,Anaheim Ducks,2002-03,21,15,6,0,0,0,0,.000,45,40,0,2.14,1.90,11.4,87.1,27.0,33.5,54.9
59,Detroit Red Wings,2008-09,23,15,8,0,0,0,0,.000,76,48,0,3.30,2.09,23.7,73.2,36.3,28.1,53.7
60,New York Islanders,1980-81,18,15,3,0,0,0,0,.000,97,48,0,5.39,2.67,37.8,80.2,30.3,27.1,--
61,New York Islanders,1982-83,20,15,5,0,0,0,0,.000,94,53,0,4.70,2.65,24.7,87.0,32.6,30.3,--
62,Edmonton Oilers,2005-06,24,15,9,0,0,0,0,.000,70,61,0,2.92,2.54,17.0,86.1,27.3,31.7,52.1
63,New Jersey Devils,2000-01,25,15,10,0,0,0,0,.000,69,52,0,2.76,2.08,15.8,83.7,29.0,20.3,47.5
64,Edmonton Oilers,1983-84,19,15,4,0,0,0,0,.000,94,56,0,4.95,2.95,22.4,77.5,37.7,31.8,--
65,New York Islanders,1981-82,19,15,4,0,0,0,0,.000,85,52,0,4.47,2.74,--,--,33.1,27.7,--
66,Calgary Flames,2003-04,26,15,11,0,0,0,0,.000,60,53,0,2.31,2.04,13.9,82.6,26.8,27.5,48.4
67,Vancouver Canucks,1993-94,24,15,9,0,0,0,0,.000,76,61,0,3.17,2.54,16.4,82.5,31.5,34.3,0.0
68,New York Islanders,1979-80,21,15,6,0,0,0,0,.000,88,66,0,4.19,3.14,26.0,84.1,31.4,29.3,--
69,Edmonton Oilers,1984-85,18,15,3,0,0,0,0,.000,98,57,0,5.44,3.17,--,--,33.4,29.2,--
70,Vancouver Canucks,2010-11,25,15,10,0,0,0,0,.000,58,69,0,2.32,2.76,20.4,80.8,32.3,31.8,49.9
71,Montréal Canadiens,1985-86,20,15,5,0,0,0,0,.000,56,41,0,2.80,2.05,18.3,87.8,27.6,25.3,--
72,Philadelphia Flyers,1986-87,26,15,11,0,0,0,0,.000,85,73,0,3.27,2.81,20.4,76.3,30.3,30.0,--
73,Buffalo Sabres,1998-99,21,14,7,0,0,0,0,.000,59,49,0,2.81,2.33,20.0,85.6,26.6,31.3,45.2
74,Minnesota North Stars,1990-91,23,14,9,0,0,0,0,.000,81,75,0,3.52,3.26,23.0,82.3,32.1,28.2,0.0
75,New Jersey Devils,2011-12,24,14,10,0,0,0,0,.000,59,58,0,2.46,2.42,15.3,73.2,28.4,27.0,47.2
76,Boston Bruins,2012-13,22,14,8,0,0,0,0,.000,65,47,0,2.95,2.14,17.5,88.7,35.5,34.6,55.3
77,Montréal Canadiens,1988-89,21,14,7,0,0,0,0,.000,67,51,0,3.19,2.43,16.5,89.8,27.6,27.7,0.0
78,Dallas Stars,1999-00,23,14,9,0,0,0,0,.000,52,46,0,2.26,2.00,16.1,88.2,25.6,28.7,53.8
79,Philadelphia Flyers,2009-10,23,14,9,0,0,0,0,.000,76,61,0,3.30,2.65,21.9,85.3,28.1,29.2,47.9
80,Pittsburgh Penguins,2007-08,20,14,6,0,0,0,0,.000,61,43,0,3.05,2.15,22.8,87.1,29.7,30.6,47.2
81,Tampa Bay Lightning,2014-15,26,14,12,0,0,0,0,.000,65,62,0,2.50,2.38,20.0,82.3,28.1,28.0,48.0
82,San Jose Sharks,2015-16,24,14,10,0,0,0,0,.000,75,56,0,3.13,2.33,24.0,79.7,26.8,28.9,47.1
83,Ottawa Senators,2006-07,20,13,7,0,0,0,0,.000,59,47,0,2.95,2.35,18.9,87.9,28.6,25.3,51.2
84,Boston Bruins,1989-90,21,13,8,0,0,0,0,.000,62,59,0,2.95,2.81,16.1,89.8,28.4,25.9,0.0
85,Carolina Hurricanes,2001-02,23,13,10,0,0,0,0,.000,47,43,0,2.04,1.87,15.5,84.4,28.0,28.8,53.9
86,Los Angeles Kings,1992-93,24,13,11,0,0,0,0,.000,93,91,0,3.88,3.79,16.5,79.4,31.5,33.9,0.0
87,New York Rangers,2013-14,25,13,12,0,0,0,0,.000,64,60,0,2.56,2.40,12.6,85.4,29.3,30.2,47.3
88,Philadelphia Flyers,1979-80,19,13,6,0,0,0,0,.000,78,53,0,4.11,2.79,21.1,80.3,34.6,30.4,--
89,Calgary Flames,1985-86,22,12,10,0,0,0,0,.000,81,69,0,3.68,3.14,24.0,85.4,31.2,28.7,--
90,Minnesota North Stars,1980-81,19,12,7,0,0,0,0,.000,84,74,0,4.42,3.89,25.3,73.9,34.8,32.8,--
91,Philadelphia Flyers,1984-85,19,12,7,0,0,0,0,.000,61,54,0,3.21,2.84,--,--,30.8,29.5,--
92,Montréal Canadiens,1976-77,14,12,2,0,0,0,0,.000,54,23,0,3.86,1.64,--,--,30.7,23.2,--
93,Philadelphia Flyers,1974-75,17,12,5,0,0,0,0,.000,53,34,0,3.12,2.00,--,--,28.9,25.5,--
94,Philadelphia Flyers,1973-74,17,12,5,0,0,0,0,.000,54,36,0,3.18,2.12,--,--,29.1,30.9,--
95,Boston Bruins,1969-70,14,12,2,0,0,0,0,.000,65,33,0,4.64,2.36,--,--,34.1,30.4,--
96,Philadelphia Flyers,1996-97,19,12,7,0,0,0,0,.000,67,55,0,3.53,2.89,19.1,78.6,35.4,26.7,0.0
97,Montréal Canadiens,1970-71,20,12,8,0,0,0,0,.000,75,63,0,3.75,3.15,--,--,32.1,35.5,--
98,Montréal Canadiens,1967-68,13,12,1,0,0,0,0,.000,48,25,0,3.69,1.92,--,--,36.3,27.5,--
99,Florida Panthers,1995-96,22,12,10,0,0,0,0,.000,61,57,0,2.77,2.59,12.8,80.6,32.2,34.8,0.0
100,Montréal Canadiens,1968-69,14,12,2,0,0,0,0,.000,43,26,0,3.07,1.86,--,--,31.1,30.7,--
101,Montréal Canadiens,1978-79,16,12,4,0,0,0,0,.000,63,41,0,3.94,2.56,29.4,82.0,32.3,25.9,--
102,Detroit Red Wings,1994-95,18,12,6,0,0,0,0,.000,61,44,0,3.39,2.44,24.7,82.0,32.4,22.0,0.0
103,Montréal Canadiens,1975-76,13,12,1,0,0,0,0,.000,44,26,0,3.38,2.00,--,--,30.8,27.0,--
104,Montréal Canadiens,1972-73,17,12,5,0,0,0,0,.000,73,52,0,4.29,3.06,--,--,32.3,31.9,--
105,Chicago Blackhawks,1991-92,18,12,6,0,0,0,0,.000,65,48,0,3.61,2.67,16.7,85.5,31.9,26.1,0.0
106,Boston Bruins,1987-88,22,12,10,0,0,0,0,.000,82,69,0,3.73,3.14,15.2,81.8,27.7,26.2,0.0
107,New York Islanders,1983-84,21,12,9,0,0,0,0,.000,62,60,0,2.95,2.86,15.8,82.2,25.8,28.5,--
108,Boston Bruins,1971-72,15,12,3,0,0,0,0,.000,64,34,0,4.27,2.27,--,--,32.9,30.1,--
109,Montréal Canadiens,1977-78,15,12,3,0,0,0,0,.000,58,29,0,3.87,1.93,25.9,89.3,30.9,24.1,--
110,Washington Capitals,1997-98,21,12,9,0,0,0,0,.000,53,44,0,2.52,2.10,16.7,87.0,25.2,35.2,52.3
111,New Jersey Devils,1993-94,20,11,9,0,0,0,0,.000,52,49,0,2.60,2.45,17.3,87.1,32.0,32.2,0.0
112,New Jersey Devils,1987-88,20,11,9,0,0,0,0,.000,67,71,0,3.35,3.55,19.7,82.8,26.6,31.6,0.0
113,New York Rangers,2014-15,19,11,8,0,0,0,0,.000,45,41,0,2.37,2.16,21.0,80.0,30.9,30.0,46.5
114,Chicago Blackhawks,2013-14,19,11,8,0,0,0,0,.000,58,55,0,3.05,2.89,21.1,84.6,27.9,31.2,49.6
115,Tampa Bay Lightning,2010-11,18,11,7,0,0,0,0,.000,59,45,0,3.28,2.50,25.4,92.3,28.9,32.8,49.5
116,Colorado Avalanche,1999-00,17,11,6,0,0,0,0,.000,43,32,0,2.53,1.88,17.4,82.3,29.4,25.4,49.6
117,Ottawa Senators,2002-03,18,11,7,0,0,0,0,.000,43,34,0,2.39,1.89,14.8,91.8,27.4,24.9,48.7
118,Philadelphia Flyers,1999-00,18,11,7,0,0,0,0,.000,44,40,0,2.44,2.22,21.7,86.2,31.5,26.9,52.6
119,New York Rangers,1978-79,18,11,7,0,0,0,0,.000,66,42,0,3.67,2.33,19.4,88.0,28.2,29.7,--
120,Anaheim Ducks,2014-15,16,11,5,0,0,0,0,.000,57,42,0,3.56,2.63,26.7,84.2,35.6,29.6,52.7
121,Edmonton Oilers,1982-83,16,11,5,0,0,0,0,.000,80,50,0,5.00,3.13,19.4,75.7,32.4,29.2,--
122,Chicago Blackhawks,1970-71,18,11,7,0,0,0,0,.000,59,42,0,3.28,2.33,--,--,30.8,32.3,--
123,Buffalo Sabres,2005-06,18,11,7,0,0,0,0,.000,60,49,0,3.33,2.72,16.2,82.6,28.1,29.1,47.7
124,Philadelphia Flyers,2003-04,18,11,7,0,0,0,0,.000,50,43,0,2.78,2.39,13.1,80.3,26.8,28.2,51.1
125,Colorado Avalanche,1998-99,19,11,8,0,0,0,0,.000,56,54,0,2.95,2.84,14.6,82.1,31.1,34.6,48.2
126,Pittsburgh Penguins,1995-96,18,11,7,0,0,0,0,.000,57,52,0,3.17,2.89,16.0,85.4,31.9,37.1,0.0
127,Vancouver Canucks,1981-82,17,11,6,0,0,0,0,.000,57,50,0,3.35,2.94,--,--,29.8,35.0,--
128,Toronto Maple Leafs,1992-93,21,11,10,0,0,0,0,.000,69,63,0,3.29,3.00,16.3,76.7,34.2,30.6,0.0
129,Tampa Bay Lightning,2015-16,17,11,6,0,0,0,0,.000,48,40,0,2.82,2.35,16.1,86.6,27.8,33.3,47.9
130,Colorado Avalanche,2001-02,21,11,10,0,0,0,0,.000,54,56,0,2.57,2.67,13.0,85.5,26.7,28.0,48.7
131,Boston Bruins,1973-74,16,10,6,0,0,0,0,.000,58,44,0,3.63,2.75,--,--,34.6,30.6,--
132,San Jose Sharks,2003-04,17,10,7,0,0,0,0,.000,38,32,0,2.24,1.88,13.6,91.7,24.4,27.2,46.0
133,Detroit Red Wings,1995-96,19,10,9,0,0,0,0,.000,58,46,0,3.05,2.42,17.8,85.4,31.9,21.3,0.0
134,Chicago Blackhawks,1972-73,16,10,6,0,0,0,0,.000,60,53,0,3.75,3.31,--,--,28.9,31.1,--
135,Philadelphia Flyers,1994-95,15,10,5,0,0,0,0,.000,50,43,0,3.33,2.87,12.8,77.3,24.7,29.7,0.0
136,Dallas Stars,2007-08,18,10,8,0,0,0,0,.000,45,41,0,2.50,2.28,20.0,82.9,27.2,28.4,45.6
137,Buffalo Sabres,1997-98,15,10,5,0,0,0,0,.000,46,32,0,3.07,2.13,18.0,90.0,26.5,34.3,42.4
138,St. Louis Blues,2015-16,20,10,10,0,0,0,0,.000,57,56,0,2.85,2.80,26.3,80.0,27.5,31.0,51.0
139,Buffalo Sabres,1974-75,17,10,7,0,0,0,0,.000,53,58,0,3.12,3.41,--,--,31.3,27.0,--
140,Boston Bruins,1990-91,19,10,9,0,0,0,0,.000,60,62,0,3.16,3.26,24.0,81.5,29.9,31.0,0.0
141,St. Louis Blues,1985-86,19,10,9,0,0,0,0,.000,64,70,0,3.37,3.68,14.3,72.9,29.8,33.6,--
142,Chicago Blackhawks,1989-90,20,10,10,0,0,0,0,.000,69,65,0,3.45,3.25,16.5,79.8,31.2,28.8,0.0
143,Philadelphia Flyers,1988-89,19,10,9,0,0,0,0,.000,64,60,0,3.37,3.16,20.8,78.1,28.4,30.7,0.0
144,Colorado Avalanche,1996-97,17,10,7,0,0,0,0,.000,59,41,0,3.47,2.41,22.1,91.9,29.4,33.8,0.0
145,Montréal Canadiens,1986-87,17,10,7,0,0,0,0,.000,67,54,0,3.94,3.18,28.6,82.5,28.2,28.3,--
146,Montréal Canadiens,2013-14,17,10,7,0,0,0,0,.000,51,46,0,3.00,2.71,19.7,80.4,29.3,30.7,48.3
147,Dallas Stars,1997-98,17,10,7,0,0,0,0,.000,36,32,0,2.12,1.88,10.0,88.2,25.1,23.5,53.2
148,Boston Bruins,1977-78,15,10,5,0,0,0,0,.000,53,42,0,3.53,2.80,26.2,78.8,26.9,24.5,--
149,New York Rangers,2011-12,20,10,10,0,0,0,0,.000,43,41,0,2.15,2.05,17.8,84.0,29.3,27.9,48.4
150,Toronto Maple Leafs,2001-02,20,10,10,0,0,0,0,.000,44,49,0,2.20,2.45,14.4,79.8,28.4,28.1,51.7
151,New York Rangers,1971-72,16,10,6,0,0,0,0,.000,52,41,0,3.25,2.56,--,--,31.8,28.1,--
152,Detroit Red Wings,2006-07,18,10,8,0,0,0,0,.000,48,35,0,2.67,1.94,18.4,86.8,34.7,24.7,53.1
153,Chicago Blackhawks,1984-85,15,9,6,0,0,0,0,.000,81,81,0,5.40,5.40,--,--,31.9,38.3,--
154,Chicago Blackhawks,1994-95,16,9,7,0,0,0,0,.000,45,39,0,2.81,2.44,13.2,85.3,29.4,30.7,0.0
155,Toronto Maple Leafs,1998-99,17,9,8,0,0,0,0,.000,43,46,0,2.53,2.71,13.8,81.7,25.9,26.5,52.8
156,Boston Bruins,1982-83,17,9,8,0,0,0,0,.000,65,61,0,3.82,3.59,16.9,77.6,29.5,28.3,--
157,Buffalo Sabres,2006-07,16,9,7,0,0,0,0,.000,44,39,0,2.75,2.44,12.5,81.3,29.9,30.6,49.5
158,Buffalo Sabres,1979-80,14,9,5,0,0,0,0,.000,48,36,0,3.43,2.57,27.9,84.2,29.1,28.8,--
159,Calgary Flames,1980-81,16,9,7,0,0,0,0,.000,55,60,0,3.44,3.75,23.0,70.8,31.6,37.4,--
160,New York Rangers,1996-97,15,9,6,0,0,0,0,.000,36,35,0,2.40,2.33,15.6,79.4,29.3,32.7,0.0
161,Detroit Red Wings,1987-88,16,9,7,0,0,0,0,.000,69,57,0,4.31,3.56,26.3,80.8,27.4,25.9,0.0
162,San Jose Sharks,2010-11,18,9,9,0,0,0,0,.000,51,58,0,2.83,3.22,19.2,76.3,36.9,31.6,53.1
163,New York Islanders,1974-75,17,9,8,0,0,0,0,.000,47,50,0,2.76,2.94,--,--,27.6,32.9,--
164,Montréal Canadiens,2009-10,19,9,10,0,0,0,0,.000,46,57,0,2.42,3.00,16.4,84.5,26.7,33.7,47.1
165,Phoenix Coyotes,2011-12,16,9,7,0,0,0,0,.000,37,35,0,2.31,2.19,14.0,90.8,26.7,37.7,51.4
166,Quebec Nordiques,1984-85,18,9,9,0,0,0,0,.000,58,63,0,3.22,3.50,--,--,28.3,27.6,--
167,Chicago Blackhawks,1988-89,16,9,7,0,0,0,0,.000,52,45,0,3.25,2.81,17.8,84.8,29.3,30.5,0.0
168,Pittsburgh Penguins,2000-01,18,9,9,0,0,0,0,.000,38,44,0,2.11,2.44,18.0,78.1,23.6,26.8,46.5
169,Philadelphia Flyers,2007-08,17,9,8,0,0,0,0,.000,52,54,0,3.06,3.18,22.4,76.0,29.9,31.9,51.0
170,Montréal Canadiens,1983-84,15,9,6,0,0,0,0,.000,42,32,0,2.80,2.13,14.3,85.5,23.3,24.5,--
171,Chicago Blackhawks,2008-09,17,9,8,0,0,0,0,.000,54,54,0,3.18,3.18,27.9,78.5,29.8,29.9,49.3
172,St. Louis Blues,2000-01,15,9,6,0,0,0,0,.000,40,34,0,2.67,2.27,14.5,87.5,32.7,27.9,49.5
173,Edmonton Oilers,1990-91,18,9,9,0,0,0,0,.000,57,60,0,3.17,3.33,13.2,77.9,29.9,31.5,0.0
174,Detroit Red Wings,1986-87,16,9,7,0,0,0,0,.000,45,40,0,2.81,2.50,16.1,84.2,28.6,29.9,--
175,Los Angeles Kings,2012-13,18,9,9,0,0,0,0,.000,37,34,0,2.06,1.89,17.3,87.7,25.6,29.3,48.1
176,Toronto Maple Leafs,1993-94,18,9,9,0,0,0,0,.000,50,47,0,2.78,2.61,29.7,84.9,31.0,28.9,0.0
177,New York Islanders,1992-93,18,9,9,0,0,0,0,.000,58,65,0,3.22,3.61,9.4,80.3,32.9,30.5,0.0
178,Anaheim Ducks,2005-06,16,9,7,0,0,0,0,.000,46,36,0,2.88,2.25,10.8,88.5,33.0,26.2,47.4
179,Toronto Maple Leafs,1947-48,9,8,1,0,0,0,0,.000,38,20,0,4.22,2.22,--,--,--,--,--
180,Boston Bruins,1938-39,12,8,4,0,0,0,0,.000,26,18,0,2.17,1.50,--,--,--,--,--
181,Carolina Hurricanes,2008-09,18,8,10,0,0,0,0,.000,42,52,0,2.33,2.89,10.0,88.7,31.7,32.2,48.7
182,Toronto Maple Leafs,1963-64,14,8,6,0,0,0,0,.000,39,31,0,2.79,2.21,--,--,32.5,31.9,--
183,Minnesota North Stars,1979-80,15,8,7,0,0,0,0,.000,49,56,0,3.27,3.73,19.8,69.6,32.9,31.7,--
184,Montréal Canadiens,1964-65,13,8,5,0,0,0,0,.000,35,26,0,2.69,2.00,--,--,30.4,27.2,--
185,Montréal Canadiens,1957-58,10,8,2,0,0,0,0,.000,35,20,0,3.50,2.00,--,--,35.5,31.3,--
186,Toronto Maple Leafs,1946-47,11,8,3,0,0,0,0,.000,31,27,0,2.82,2.45,--,--,--,--,--
187,Toronto Maple Leafs,1941-42,13,8,5,0,0,0,0,.000,38,31,0,2.92,2.38,--,--,--,--,--
188,Montréal Canadiens,1952-53,12,8,4,0,0,0,0,.000,34,23,0,2.83,1.92,--,--,--,--,--
189,Boston Bruins,1976-77,14,8,6,0,0,0,0,.000,50,48,0,3.57,3.43,--,--,29.4,23.9,--
190,Boston Bruins,1991-92,15,8,7,0,0,0,0,.000,40,51,0,2.67,3.40,18.0,80.5,28.7,27.3,0.0
191,New York Islanders,1976-77,12,8,4,0,0,0,0,.000,36,32,0,3.00,2.67,--,--,24.4,30.7,--
192,Minnesota Wild,2002-03,18,8,10,0,0,0,0,.000,43,43,0,2.39,2.39,21.9,81.0,24.9,28.3,45.3
193,Montréal Canadiens,1965-66,10,8,2,0,0,0,0,.000,33,20,0,3.30,2.00,--,--,32.7,28.8,--
194,Toronto Maple Leafs,1962-63,10,8,2,0,0,0,0,.000,31,16,0,3.10,1.60,--,--,29.6,31.5,--
195,Detroit Red Wings,1953-54,12,8,4,0,0,0,0,.000,29,20,0,2.42,1.67,--,--,--,--,--
196,Pittsburgh Penguins,2012-13,15,8,7,0,0,0,0,.000,49,40,0,3.27,2.67,21.3,92.3,33.3,32.7,49.7
197,Chicago Blackhawks,1981-82,15,8,7,0,0,0,0,.000,50,51,0,3.33,3.40,--,--,31.0,33.2,--
198,Detroit Red Wings,1954-55,11,8,3,0,0,0,0,.000,41,26,0,3.73,2.36,--,--,--,--,--
199,Boston Bruins,1940-41,11,8,3,0,0,0,0,.000,27,23,0,2.45,2.09,--,--,--,--,--
200,Montréal Canadiens,1956-57,10,8,2,0,0,0,0,.000,37,18,0,3.70,1.80,--,--,--,--,--
201,Philadelphia Flyers,1975-76,16,8,8,0,0,0,0,.000,61,49,0,3.81,3.06,--,--,30.3,29.9,--
202,Toronto Maple Leafs,1950-51,11,8,2,1,0,0,0,.000,30,15,0,2.73,1.36,--,--,--,--,--
203,New York Rangers,1939-40,12,8,4,0,0,0,0,.000,29,20,0,2.42,1.67,--,--,--,--,--
204,Chicago Blackhawks,1960-61,12,8,4,0,0,0,0,.000,35,27,0,2.92,2.25,--,--,26.4,29.8,--
205,Detroit Red Wings,1949-50,14,8,6,0,0,0,0,.000,32,28,0,2.29,2.00,--,--,--,--,--
206,San Jose Sharks,2009-10,15,8,7,0,0,0,0,.000,41,41,0,2.73,2.73,19.7,81.6,36.5,29.1,52.7
207,St. Louis Blues,1967-68,18,8,10,0,0,0,0,.000,42,50,0,2.33,2.78,--,--,34.3,32.1,--
208,Washington Capitals,1989-90,15,8,7,0,0,0,0,.000,49,48,0,3.27,3.20,18.3,83.5,28.1,27.3,0.0
209,Montréal Canadiens,1943-44,9,8,1,0,0,0,0,.000,39,14,0,4.33,1.56,--,--,--,--,--
210,Detroit Red Wings,1942-43,10,8,2,0,0,0,0,.000,36,22,0,3.60,2.20,--,--,--,--,--
211,Toronto Maple Leafs,1948-49,9,8,1,0,0,0,0,.000,28,15,0,3.11,1.67,--,--,--,--,--
212,Toronto Maple Leafs,1961-62,12,8,4,0,0,0,0,.000,40,30,0,3.33,2.50,--,--,34.3,28.2,--
213,Montréal Canadiens,1945-46,9,8,1,0,0,0,0,.000,45,20,0,5.00,2.22,--,--,--,--,--
214,St. Louis Blues,1969-70,16,8,8,0,0,0,0,.000,46,46,0,2.88,2.88,--,--,30.8,30.6,--
215,Detroit Red Wings,1951-52,8,8,0,0,0,0,0,.000,24,5,0,3.00,0.63,--,--,--,--,--
216,New York Rangers,1985-86,16,8,8,0,0,0,0,.000,47,55,0,2.94,3.44,18.6,82.7,27.1,31.8,--
217,Toronto Maple Leafs,1966-67,12,8,4,0,0,0,0,.000,35,30,0,2.92,2.50,--,--,35.9,39.9,--
218,Toronto Maple Leafs,1944-45,13,8,5,0,0,0,0,.000,24,30,0,1.85,2.31,--,--,--,--,--
219,St. Louis Blues,1968-69,12,8,4,0,0,0,0,.000,36,20,0,3.00,1.67,--,--,28.3,29.3,--
220,Montréal Canadiens,1958-59,11,8,3,0,0,0,0,.000,39,28,0,3.55,2.55,--,--,--,--,--
221,Edmonton Oilers,1991-92,16,8,8,0,0,0,0,.000,49,54,0,3.06,3.38,17.9,81.1,26.6,32.4,0.0
222,Montréal Canadiens,1955-56,10,8,2,0,0,0,0,.000,42,18,0,4.20,1.80,--,--,--,--,--
223,Montréal Canadiens,1959-60,8,8,0,0,0,0,0,.000,29,11,0,3.63,1.38,--,--,33.9,27.6,--
224,Boston Bruins,2009-10,13,7,6,0,0,0,0,.000,36,37,0,2.77,2.85,24.4,90.0,31.8,31.5,54.4
225,Anaheim Ducks,2013-14,13,7,6,0,0,0,0,.000,35,37,0,2.69,2.85,24.0,84.9,26.8,29.7,46.6
226,Detroit Red Wings,1941-42,12,7,5,0,0,0,0,.000,36,38,0,3.00,3.17,--,--,--,--,--
227,Detroit Red Wings,1944-45,14,7,7,0,0,0,0,.000,31,31,0,2.21,2.21,--,--,--,--,--
228,New York Islanders,1975-76,13,7,6,0,0,0,0,.000,43,39,0,3.31,3.00,--,--,29.5,29.9,--
229,Vancouver Canucks,2002-03,14,7,7,0,0,0,0,.000,34,47,0,2.43,3.36,17.8,76.3,27.1,24.8,54.5
230,Buffalo Sabres,2000-01,13,7,6,0,0,0,0,.000,38,30,0,2.92,2.31,19.6,81.8,28.1,26.8,53.5
231,Dallas Stars,2015-16,13,7,6,0,0,0,0,.000,35,42,0,2.69,3.23,15.4,73.7,28.3,27.4,50.2
232,Chicago Blackhawks,1982-83,13,7,6,0,0,0,0,.000,49,51,0,3.77,3.92,20.0,71.0,32.7,30.8,--
233,Pittsburgh Penguins,2009-10,13,7,6,0,0,0,0,.000,42,38,0,3.23,2.92,26.3,72.1,34.2,26.6,48.6
234,Pittsburgh Penguins,1992-93,12,7,5,0,0,0,0,.000,50,37,0,4.17,3.08,23.1,85.2,30.8,31.0,0.0
235,Montréal Canadiens,1990-91,13,7,6,0,0,0,0,.000,47,42,0,3.62,3.23,19.1,82.3,31.2,31.4,0.0
236,Los Angeles Kings,2000-01,13,7,6,0,0,0,0,.000,25,34,0,1.92,2.62,12.0,77.8,25.6,27.8,49.1
237,New York Rangers,1980-81,14,7,7,0,0,0,0,.000,60,56,0,4.29,4.00,18.6,72.3,28.8,27.9,--
238,Boston Bruins,2008-09,11,7,4,0,0,0,0,.000,34,22,0,3.09,2.00,14.0,88.9,29.9,29.5,52.0
239,New York Rangers,1970-71,13,7,6,0,0,0,0,.000,30,36,0,2.31,2.77,--,--,33.1,27.5,--
240,New York Islanders,1986-87,14,7,7,0,0,0,0,.000,35,42,0,2.50,3.00,22.0,85.9,28.9,34.7,--
241,Philadelphia Flyers,1977-78,12,7,5,0,0,0,0,.000,37,35,0,3.08,2.92,30.0,81.1,29.3,25.7,--
242,Washington Capitals,2011-12,14,7,7,0,0,0,0,.000,29,30,0,2.07,2.14,17.9,87.5,27.6,32.8,50.9
243,Boston Bruins,2013-14,12,7,5,0,0,0,0,.000,30,26,0,2.50,2.17,26.5,77.8,33.0,29.1,53.3
244,New York Rangers,1949-50,12,7,5,0,0,0,0,.000,32,29,0,2.67,2.42,--,--,--,--,--
245,Detroit Red Wings,2012-13,14,7,7,0,0,0,0,.000,33,37,0,2.36,2.64,14.3,77.5,29.8,33.1,53.0
246,San Jose Sharks,2012-13,11,7,4,0,0,0,0,.000,25,22,0,2.27,2.00,22.0,76.7,31.9,27.2,55.8
247,Quebec Nordiques,1981-82,16,7,9,0,0,0,0,.000,48,60,0,3.00,3.75,--,--,25.7,32.3,--
248,Boston Bruins,1978-79,11,7,4,0,0,0,0,.000,36,32,0,3.27,2.91,24.0,75.0,27.5,27.2,--
249,Detroit Red Wings,1963-64,14,7,7,0,0,0,0,.000,41,40,0,2.93,2.86,--,--,33.6,30.7,--
250,San Jose Sharks,2001-02,12,7,5,0,0,0,0,.000,34,32,0,2.83,2.67,10.4,89.6,26.9,27.1,50.4
251,Pittsburgh Penguins,1988-89,11,7,4,0,0,0,0,.000,43,42,0,3.91,3.82,22.9,75.4,31.2,36.4,0.0
252,Washington Capitals,2008-09,14,7,7,0,0,0,0,.000,41,38,0,2.93,2.71,21.1,80.0,28.3,30.1,54.6
253,Ottawa Senators,2001-02,12,7,5,0,0,0,0,.000,29,18,0,2.42,1.50,16.4,85.4,29.2,27.7,44.2
254,Detroit Red Wings,2010-11,11,7,4,0,0,0,0,.000,36,28,0,3.27,2.55,18.6,76.1,35.2,33.1,49.5
255,Minnesota North Stars,1967-68,14,7,7,0,0,0,0,.000,48,39,0,3.43,2.79,--,--,30.2,33.9,--
256,Nashville Predators,2015-16,14,7,7,0,0,0,0,.000,31,43,0,2.21,3.07,8.7,73.9,29.3,29.4,49.7
257,St. Louis Blues,1992-93,11,7,4,0,0,0,0,.000,24,28,0,2.18,2.55,19.6,84.2,28.2,40.0,0.0
258,Washington Capitals,1987-88,14,7,7,0,0,0,0,.000,54,50,0,3.86,3.57,14.1,83.1,30.3,30.1,0.0
259,New York Rangers,1973-74,13,7,6,0,0,0,0,.000,38,39,0,2.92,3.00,--,--,32.0,27.2,--
260,St. Louis Blues,1989-90,12,7,5,0,0,0,0,.000,42,44,0,3.50,3.67,25.8,82.8,30.0,32.5,0.0
261,St. Louis Blues,1995-96,13,7,6,0,0,0,0,.000,37,37,0,2.85,2.85,15.9,80.0,28.7,32.5,0.0
262,Quebec Nordiques,1986-87,13,7,6,0,0,0,0,.000,48,45,0,3.69,3.46,21.4,82.5,28.7,29.4,--
263,Washington Capitals,2014-15,14,7,7,0,0,0,0,.000,28,28,0,2.00,2.00,10.7,90.6,31.7,31.1,55.8
264,Montréal Canadiens,1953-54,11,7,4,0,0,0,0,.000,28,18,0,2.55,1.64,--,--,--,--,--
265,Toronto Maple Leafs,1986-87,13,7,6,0,0,0,0,.000,33,32,0,2.54,2.46,17.6,84.9,29.4,29.6,--
266,San Jose Sharks,1993-94,14,7,7,0,0,0,0,.000,42,53,0,3.00,3.79,12.2,78.7,24.3,29.7,0.0
267,Montréal Canadiens,1954-55,12,7,5,0,0,0,0,.000,36,36,0,3.00,3.00,--,--,--,--,--
268,Chicago Blackhawks,1964-65,14,7,7,0,0,0,0,.000,35,37,0,2.50,2.64,--,--,25.1,30.0,--
269,Minnesota North Stars,1983-84,16,7,9,0,0,0,0,.000,47,53,0,2.94,3.31,22.4,81.8,32.4,29.3,--
270,Pittsburgh Penguins,2013-14,13,7,6,0,0,0,0,.000,35,33,0,2.69,2.54,14.3,81.1,33.6,29.2,52.3
271,Toronto Maple Leafs,2000-01,11,7,4,0,0,0,0,.000,28,24,0,2.55,2.18,23.1,87.5,22.5,29.9,49.0
272,Chicago Blackhawks,1937-38,10,7,3,0,0,0,0,.000,26,21,0,2.60,2.10,--,--,--,--,--
273,Anaheim Ducks,2008-09,13,7,6,0,0,0,0,.000,35,32,0,2.69,2.46,26.0,80.0,26.8,40.9,46.1
274,New York Rangers,1936-37,9,6,3,0,0,0,0,.000,18,10,0,2.00,1.11,--,--,--,--,--
275,Calgary Flames,1983-84,11,6,5,0,0,0,0,.000,41,46,0,3.73,4.18,18.9,77.5,31.5,35.4,--
276,San Jose Sharks,2005-06,11,6,5,0,0,0,0,.000,29,29,0,2.64,2.64,15.3,80.6,31.5,28.6,41.3
277,Boston Bruins,1993-94,13,6,7,0,0,0,0,.000,39,42,0,3.00,3.23,18.5,78.4,34.0,26.9,0.0
278,St. Louis Blues,1990-91,13,6,7,0,0,0,0,.000,41,42,0,3.15,3.23,12.5,79.1,30.6,25.5,0.0
279,New York Rangers,1932-33,8,6,1,1,0,0,0,.000,25,13,0,3.13,1.63,--,--,--,--,--
280,Edmonton Oilers,1985-86,10,6,4,0,0,0,0,.000,41,30,0,4.10,3.00,20.5,82.6,31.1,30.0,--
281,Philadelphia Flyers,2002-03,13,6,7,0,0,0,0,.000,34,33,0,2.62,2.54,10.0,82.0,32.0,27.2,50.8
282,Minnesota North Stars,1970-71,12,6,6,0,0,0,0,.000,35,42,0,2.92,3.50,--,--,29.2,32.3,--
283,Detroit Red Wings,1935-36,7,6,1,0,0,0,0,.000,24,12,0,3.43,1.71,--,--,--,--,--
284,Boston Bruins,1957-58,12,6,6,0,0,0,0,.000,42,32,0,3.50,2.67,--,--,33.3,33.5,--
285,Montréal Canadiens,1979-80,10,6,4,0,0,0,0,.000,39,26,0,3.90,2.60,21.2,83.3,33.0,28.1,--
286,Chicago Blackhawks,1973-74,11,6,5,0,0,0,0,.000,30,35,0,2.73,3.18,--,--,26.0,32.9,--
287,Montréal Canadiens,1930-31,10,6,4,0,0,0,0,.000,24,21,0,2.40,2.10,--,--,--,--,--
288,St. Louis Blues,1983-84,11,6,5,0,0,0,0,.000,30,31,0,2.73,2.82,19.0,83.7,30.3,33.1,--
289,Detroit Red Wings,1965-66,12,6,6,0,0,0,0,.000,36,28,0,3.00,2.33,--,--,29.6,27.7,--
290,Chicago Blackhawks,1995-96,10,6,4,0,0,0,0,.000,30,28,0,3.00,2.80,15.2,90.6,29.7,35.5,0.0
291,New York Rangers,1991-92,13,6,7,0,0,0,0,.000,47,49,0,3.62,3.77,22.4,82.3,32.8,31.3,0.0
292,Washington Capitals,2015-16,12,6,6,0,0,0,0,.000,29,22,0,2.42,1.83,26.0,90.7,32.3,30.3,49.6
293,New York Rangers,2006-07,10,6,4,0,0,0,0,.000,30,23,0,3.00,2.30,24.1,88.5,34.3,29.2,49.6
294,St. Louis Blues,1997-98,10,6,4,0,0,0,0,.000,29,31,0,2.90,3.10,17.3,89.8,30.9,30.3,48.1
295,St. Louis Blues,1998-99,13,6,7,0,0,0,0,.000,31,33,0,2.38,2.54,18.0,88.7,31.7,24.2,51.7
296,Toronto Maple Leafs,1999-00,12,6,6,0,0,0,0,.000,26,26,0,2.17,2.17,4.7,85.1,23.8,30.8,49.8
297,Chicago Blackhawks,1933-34,8,6,1,1,0,0,0,.000,19,12,0,2.38,1.50,--,--,--,--,--
298,New York Islanders,1978-79,10,6,4,0,0,0,0,.000,27,21,0,2.70,2.10,9.7,88.9,27.8,28.9,--
299,Vancouver Canucks,1991-92,13,6,7,0,0,0,0,.000,44,35,0,3.38,2.69,14.3,82.5,32.6,28.2,0.0
300,Detroit Red Wings,1936-37,10,6,4,0,0,0,0,.000,22,16,0,2.20,1.60,--,--,--,--,--
301,Los Angeles Kings,1990-91,12,6,6,0,0,0,0,.000,46,37,0,3.83,3.08,22.6,85.7,34.2,31.8,0.0
302,Toronto Maple Leafs,2003-04,13,6,7,0,0,0,0,.000,27,28,0,2.08,2.15,10.2,89.6,23.9,30.0,51.0
303,Pittsburgh Penguins,1998-99,13,6,7,0,0,0,0,.000,35,36,0,2.69,2.77,17.8,88.0,20.4,27.0,48.4
304,Montréal Canadiens,1946-47,11,6,5,0,0,0,0,.000,29,23,0,2.64,2.09,--,--,--,--,--
305,Nashville Predators,2010-11,12,6,6,0,0,0,0,.000,33,34,0,2.75,2.83,14.6,70.0,29.5,29.5,49.4
306,Toronto Maple Leafs,1985-86,10,6,4,0,0,0,0,.000,40,33,0,4.00,3.30,25.0,80.0,33.3,32.3,--
307,Buffalo Sabres,1982-83,10,6,4,0,0,0,0,.000,31,35,0,3.10,3.50,19.4,87.8,27.0,26.3,--
308,Philadelphia Flyers,1995-96,12,6,6,0,0,0,0,.000,37,28,0,3.08,2.33,21.1,88.9,33.4,26.7,0.0
309,Boston Bruins,1981-82,11,6,5,0,0,0,0,.000,43,39,0,3.91,3.55,--,--,30.7,26.6,--
310,San Jose Sharks,2006-07,11,6,5,0,0,0,0,.000,25,27,0,2.27,2.45,7.0,83.0,27.9,29.5,49.7
311,Detroit Red Wings,1998-99,10,6,4,0,0,0,0,.000,31,27,0,3.10,2.70,23.7,82.0,35.9,29.9,54.4
312,Colorado Avalanche,2003-04,11,6,5,0,0,0,0,.000,26,24,0,2.36,2.18,18.8,80.8,25.9,27.5,54.4
313,Dallas Stars,2002-03,12,6,6,0,0,0,0,.000,34,25,0,2.83,2.08,17.2,90.0,31.8,25.8,48.0
314,San Jose Sharks,2007-08,13,6,7,0,0,0,0,.000,30,32,0,2.31,2.46,14.3,75.0,31.9,25.7,52.9
315,Vancouver Canucks,1992-93,12,6,6,0,0,0,0,.000,46,43,0,3.83,3.58,21.4,78.6,32.8,30.8,0.0
316,Vancouver Canucks,2008-09,10,6,4,0,0,0,0,.000,30,28,0,3.00,2.80,25.0,82.3,26.3,30.6,52.6
317,Detroit Red Wings,2003-04,12,6,6,0,0,0,0,.000,24,20,0,2.00,1.67,9.6,96.0,32.1,23.4,57.5
318,Philadelphia Flyers,1980-81,12,6,6,0,0,0,0,.000,48,39,0,4.00,3.25,29.7,77.0,34.6,26.3,--
319,Montréal Canadiens,2001-02,12,6,6,0,0,0,0,.000,32,39,0,2.67,3.25,18.8,77.1,23.9,36.1,50.2
320,Montréal Canadiens,1974-75,11,6,5,0,0,0,0,.000,49,30,0,4.45,2.73,--,--,34.4,31.5,--
321,Detroit Red Wings,1960-61,11,6,5,0,0,0,0,.000,27,27,0,2.45,2.45,--,--,26.5,24.7,--
322,Ottawa Senators (1917),1922-23,8,6,2,0,0,0,0,.000,16,10,0,2.00,1.25,--,--,--,--,--
323,Chicago Blackhawks,1961-62,12,6,6,0,0,0,0,.000,34,31,0,2.83,2.58,--,--,28.9,31.6,--
324,Boston Bruins,1968-69,10,6,4,0,0,0,0,.000,40,20,0,4.00,2.00,--,--,37.3,33.6,--
325,Boston Bruins,1998-99,12,6,6,0,0,0,0,.000,30,27,0,2.50,2.25,15.3,83.0,28.1,27.6,51.3
326,Vancouver Canucks,2009-10,12,6,6,0,0,0,0,.000,43,41,0,3.58,3.42,22.0,68.5,29.8,30.9,54.1
327,Montréal Canadiens,1984-85,12,6,6,0,0,0,0,.000,43,41,0,3.58,3.42,--,--,26.8,25.8,--
328,Pittsburgh Penguins,1969-70,10,6,4,0,0,0,0,.000,23,25,0,2.30,2.50,--,--,31.4,28.7,--
329,Toronto Maple Leafs,1939-40,10,6,4,0,0,0,0,.000,21,19,0,2.10,1.90,--,--,--,--,--
330,Montréal Canadiens,1918-19,10,6,3,1,0,0,0,.000,36,37,0,3.60,3.70,--,--,--,--,--
331,Minnesota Wild,2013-14,13,6,7,0,0,0,0,.000,35,35,0,2.69,2.69,13.2,84.2,30.5,24.0,52.6
332,Montréal Canadiens,1966-67,10,6,4,0,0,0,0,.000,30,25,0,3.00,2.50,--,--,39.1,34.2,--
333,Toronto Maple Leafs,1977-78,13,6,7,0,0,0,0,.000,33,32,0,2.54,2.46,15.6,86.0,25.2,30.4,--
334,Pittsburgh Penguins,1999-00,11,6,5,0,0,0,0,.000,31,23,0,2.82,2.09,14.3,84.4,25.8,37.2,45.3
335,Hartford Whalers,1985-86,10,6,4,0,0,0,0,.000,29,23,0,2.90,2.30,17.9,78.0,26.1,29.0,--
336,Montréal Canadiens,2014-15,12,6,6,0,0,0,0,.000,25,29,0,2.08,2.42,5.5,70.0,34.7,29.4,52.2
337,Montréal Canadiens,1923-24,6,6,0,0,0,0,0,.000,19,6,0,3.17,1.00,--,--,--,--,--
338,St. Louis Blues,1988-89,10,5,5,0,0,0,0,.000,35,34,0,3.50,3.40,14.3,84.2,32.8,30.8,0.0
339,New York Islanders,2015-16,11,5,6,0,0,0,0,.000,26,32,0,2.36,2.91,23.1,85.7,33.1,35.6,52.0
340,Pittsburgh Penguins,1994-95,12,5,7,0,0,0,0,.000,37,43,0,3.08,3.58,19.0,83.6,26.4,32.7,0.0
341,New York Rangers,2012-13,12,5,7,0,0,0,0,.000,26,28,0,2.17,2.33,9.1,75.0,30.2,34.3,48.0
342,Montréal Canadiens,1987-88,11,5,6,0,0,0,0,.000,33,35,0,3.00,3.18,11.5,90.0,27.5,27.5,0.0
343,Montréal Canadiens,1989-90,11,5,6,0,0,0,0,.000,29,29,0,2.64,2.64,3.9,83.9,29.9,28.2,0.0
344,New Jersey Devils,2006-07,11,5,6,0,0,0,0,.000,30,29,0,2.73,2.64,20.0,82.6,28.8,30.3,49.7
345,Vancouver Canucks,2006-07,12,5,7,0,0,0,0,.000,21,26,0,1.75,2.17,6.0,89.5,32.2,36.5,47.0
346,Washington Capitals,1985-86,9,5,4,0,0,0,0,.000,36,24,0,4.00,2.67,22.5,80.5,30.7,28.1,--
347,Montréal Canadiens,2007-08,12,5,7,0,0,0,0,.000,33,35,0,2.75,2.92,14.5,84.1,33.2,27.8,50.5
348,Montréal Maroons,1927-28,9,5,3,1,0,0,0,.000,12,8,0,1.33,0.89,--,--,--,--,--
349,Tampa Bay Lightning,2002-03,11,5,6,0,0,0,0,.000,22,29,0,2.00,2.64,13.5,79.1,29.9,31.6,46.6
350,Ottawa Senators,2005-06,10,5,5,0,0,0,0,.000,36,29,0,3.60,2.90,25.0,87.3,32.5,28.9,52.6
351,Ottawa Senators,2012-13,10,5,5,0,0,0,0,.000,31,31,0,3.10,3.10,18.2,79.5,32.4,37.7,49.5
352,New York Rangers,1982-83,9,5,4,0,0,0,0,.000,33,37,0,3.67,4.11,19.1,75.0,26.9,38.2,--
353,Chicago Blackhawks,1930-31,9,5,3,1,0,0,0,.000,15,14,0,1.67,1.56,--,--,--,--,--
354,Boston Bruins,1956-57,10,5,5,0,0,0,0,.000,21,29,0,2.10,2.90,--,--,--,--,--
355,Detroit Red Wings,2009-10,12,5,7,0,0,0,0,.000,43,33,0,3.58,2.75,21.1,81.3,34.8,32.3,50.0
356,Dallas Stars,1993-94,9,5,4,0,0,0,0,.000,27,28,0,3.00,3.11,20.4,82.9,37.9,32.2,0.0
357,Toronto Maple Leafs,1938-39,10,5,5,0,0,0,0,.000,22,20,0,2.20,2.00,--,--,--,--,--
358,Edmonton Oilers,1996-97,12,5,7,0,0,0,0,.000,32,37,0,2.67,3.08,14.5,83.6,32.8,33.8,0.0
359,New Jersey Devils,2005-06,9,5,4,0,0,0,0,.000,27,21,0,3.00,2.33,19.0,75.5,25.4,29.4,46.2
360,Montréal Maroons,1934-35,7,5,0,2,0,0,0,.000,16,8,0,2.29,1.14,--,--,--,--,--
361,Boston Bruins,1952-53,11,5,6,0,0,0,0,.000,30,37,0,2.73,3.36,--,--,--,--,--
362,Toronto Maple Leafs,1958-59,12,5,7,0,0,0,0,.000,32,39,0,2.67,3.25,--,--,--,--,--
363,Los Angeles Kings,1975-76,9,5,4,0,0,0,0,.000,17,27,0,1.89,3.00,--,--,25.3,29.3,--
364,Montréal Canadiens,1929-30,6,5,0,1,0,0,0,.000,14,6,0,2.33,1.00,--,--,--,--,--
365,St. Louis Blues,1987-88,10,5,5,0,0,0,0,.000,35,38,0,3.50,3.80,22.5,76.0,27.8,25.2,0.0
366,Buffalo Sabres,1996-97,12,5,7,0,0,0,0,.000,27,34,0,2.25,2.83,15.1,81.7,24.7,34.1,0.0
367,Minnesota North Stars,1984-85,9,5,4,0,0,0,0,.000,38,38,0,4.22,4.22,--,--,37.1,37.3,--
368,San Jose Sharks,1999-00,12,5,7,0,0,0,0,.000,27,37,0,2.25,3.08,15.9,78.7,24.6,27.8,46.6
369,Boston Bruins,1988-89,10,5,5,0,0,0,0,.000,29,30,0,2.90,3.00,12.8,84.1,27.4,24.8,0.0
370,St. Louis Blues,2001-02,10,5,5,0,0,0,0,.000,24,19,0,2.40,1.90,20.0,88.1,26.9,25.3,50.1
371,Edmonton Oilers,1997-98,12,5,7,0,0,0,0,.000,24,25,0,2.00,2.08,11.1,89.5,26.3,27.6,44.3
372,Detroit Red Wings,1999-00,9,5,4,0,0,0,0,.000,23,19,0,2.56,2.11,23.3,89.8,30.1,26.4,55.4
373,New York Rangers,1995-96,11,5,6,0,0,0,0,.000,34,38,0,3.09,3.45,21.8,86.0,34.4,28.2,0.0
374,Calgary Flames,2014-15,11,5,6,0,0,0,0,.000,27,33,0,2.45,3.00,19.4,73.5,25.3,31.5,46.8
375,Washington Capitals,1990-91,11,5,6,0,0,0,0,.000,29,35,0,2.64,3.18,16.0,84.7,34.4,29.6,0.0
376,Quebec Nordiques,1983-84,9,5,4,0,0,0,0,.000,26,25,0,2.89,2.78,12.5,91.7,25.4,24.9,--
377,Nashville Predators,2011-12,10,5,5,0,0,0,0,.000,22,21,0,2.20,2.10,12.2,85.7,27.5,29.6,49.0
378,Toronto Maple Leafs,1931-32,7,5,1,1,0,0,0,.000,28,15,0,4.00,2.14,--,--,--,--,--
379,Ottawa Senators (1917),1920-21,7,5,2,0,0,0,0,.000,19,12,0,2.71,1.71,--,--,--,--,--
380,Toronto Maple Leafs,1975-76,10,5,5,0,0,0,0,.000,31,36,0,3.10,3.60,--,--,31.9,36.6,--
381,New York Rangers,1989-90,10,5,5,0,0,0,0,.000,37,35,0,3.70,3.50,23.8,79.6,29.7,33.5,0.0
382,Montréal Maroons,1925-26,8,5,1,2,0,0,0,.000,18,8,0,2.25,1.00,--,--,--,--,--
383,Detroit Red Wings,1955-56,10,5,5,0,0,0,0,.000,23,28,0,2.30,2.80,--,--,--,--,--
384,New Jersey Devils,1996-97,10,5,5,0,0,0,0,.000,27,21,0,2.70,2.10,22.0,91.9,39.4,27.0,0.0
385,Philadelphia Flyers,1972-73,11,5,6,0,0,0,0,.000,27,31,0,2.45,2.82,--,--,31.1,33.5,--
386,Edmonton Oilers,1980-81,9,5,4,0,0,0,0,.000,35,35,0,3.89,3.89,20.9,67.4,27.6,30.8,--
387,Boston Bruins,1928-29,5,5,0,0,0,0,0,.000,9,3,0,1.80,0.60,--,--,--,--,--
388,Philadelphia Flyers,2011-12,11,5,6,0,0,0,0,.000,41,44,0,3.73,4.00,35.7,72.3,27.2,31.5,50.1
389,Montréal Canadiens,1950-51,11,5,6,0,0,0,0,.000,23,25,0,2.09,2.27,--,--,--,--,--
390,New York Rangers,1927-28,9,5,3,1,0,0,0,.000,16,12,0,1.78,1.33,--,--,--,--,--
391,Ottawa Senators,1997-98,11,5,6,0,0,0,0,.000,20,30,0,1.82,2.73,15.7,82.0,30.3,24.0,48.3
392,Chicago Blackhawks,1967-68,11,5,6,0,0,0,0,.000,28,34,0,2.55,3.09,--,--,32.6,33.5,--
393,New York Rangers,2007-08,10,5,5,0,0,0,0,.000,31,27,0,3.10,2.70,16.7,79.2,29.5,28.8,50.7
394,St. Louis Blues,1981-82,10,5,5,0,0,0,0,.000,39,36,0,3.90,3.60,--,--,29.7,30.9,--
395,New York Rangers,1981-82,10,5,5,0,0,0,0,.000,39,42,0,3.90,4.20,--,--,26.6,30.3,--
396,Boston Bruins,1945-46,10,5,5,0,0,0,0,.000,29,29,0,2.90,2.90,--,--,--,--,--
397,St. Louis Blues,1980-81,11,5,6,0,0,0,0,.000,42,50,0,3.82,4.55,26.4,78.7,30.3,31.7,--
398,Pittsburgh Penguins,1974-75,9,5,4,0,0,0,0,.000,27,27,0,3.00,3.00,--,--,32.9,33.1,--
399,New York Rangers,1972-73,10,5,5,0,0,0,0,.000,33,26,0,3.30,2.60,--,--,32.4,27.0,--
400,Detroit Red Wings,1962-63,11,5,6,0,0,0,0,.000,35,36,0,3.18,3.27,--,--,36.2,29.8,--
401,Washington Capitals,1993-94,11,5,6,0,0,0,0,.000,32,32,0,2.91,2.91,9.1,88.5,26.7,25.5,0.0
402,Boston Bruins,1975-76,12,5,7,0,0,0,0,.000,38,33,0,3.17,2.75,--,--,29.9,26.1,--
403,San Jose Sharks,1994-95,11,4,7,0,0,0,0,.000,32,59,0,2.91,5.36,18.8,71.7,22.8,36.9,0.0
404,Detroit Red Wings,1933-34,9,4,5,0,0,0,0,.000,18,21,0,2.00,2.33,--,--,--,--,--
405,Detroit Red Wings,1991-92,11,4,7,0,0,0,0,.000,29,30,0,2.64,2.73,13.7,85.2,29.8,28.0,0.0
406,New York Rangers,1979-80,9,4,5,0,0,0,0,.000,21,22,0,2.33,2.44,12.8,90.0,28.9,32.1,--
407,Detroit Red Wings,1948-49,11,4,7,0,0,0,0,.000,22,26,0,2.00,2.36,--,--,--,--,--
408,Buffalo Sabres,1980-81,8,4,4,0,0,0,0,.000,30,30,0,3.75,3.75,37.0,82.1,32.4,31.4,--
409,Boston Bruins,1942-43,9,4,5,0,0,0,0,.000,23,33,0,2.56,3.67,--,--,--,--,--
410,Toronto Maple Leafs,1932-33,9,4,5,0,0,0,0,.000,14,18,0,1.56,2.00,--,--,--,--,--
411,Los Angeles Kings,1989-90,10,4,6,0,0,0,0,.000,39,48,0,3.90,4.80,16.9,85.7,31.1,29.8,0.0
412,Philadelphia Flyers,1976-77,10,4,6,0,0,0,0,.000,27,32,0,2.70,3.20,--,--,32.9,28.2,--
413,Minnesota North Stars,1982-83,9,4,5,0,0,0,0,.000,34,40,0,3.78,4.44,30.9,76.2,38.7,32.2,--
414,Boston Bruins,1979-80,10,4,6,0,0,0,0,.000,35,33,0,3.50,3.30,16.2,75.8,31.3,25.6,--
415,Los Angeles Kings,1988-89,11,4,7,0,0,0,0,.000,36,42,0,3.27,3.82,27.8,80.7,29.3,32.0,0.0
416,Washington Capitals,2010-11,9,4,5,0,0,0,0,.000,23,24,0,2.56,2.67,14.3,86.8,32.1,29.1,51.0
417,Philadelphia Flyers,2010-11,11,4,7,0,0,0,0,.000,29,38,0,2.64,3.45,14.3,80.8,36.4,31.0,46.9
418,St. Louis Blues,1971-72,11,4,7,0,0,0,0,.000,27,47,0,2.45,4.27,--,--,32.7,32.6,--
419,Calgary Flames,1982-83,9,4,5,0,0,0,0,.000,30,49,0,3.33,5.44,20.0,81.4,30.3,34.2,--
420,Calgary Flames,1987-88,9,4,5,0,0,0,0,.000,41,36,0,4.56,4.00,20.0,78.5,32.4,24.2,0.0
421,Los Angeles Kings,1976-77,9,4,5,0,0,0,0,.000,35,37,0,3.89,4.11,--,--,21.8,31.0,--
422,New York Rangers,1994-95,10,4,6,0,0,0,0,.000,35,37,0,3.50,3.70,28.3,90.0,31.3,28.3,0.0
423,Buffalo Sabres,1975-76,9,4,5,0,0,0,0,.000,25,29,0,2.78,3.22,--,--,33.0,26.6,--
424,Toronto Maple Leafs,1935-36,9,4,5,0,0,0,0,.000,25,27,0,2.78,3.00,--,--,--,--,--
425,Colorado Avalanche,2005-06,9,4,5,0,0,0,0,.000,22,31,0,2.44,3.44,9.6,86.0,28.6,33.1,50.5
426,Montréal Canadiens,1991-92,11,4,7,0,0,0,0,.000,29,32,0,2.64,2.91,15.3,82.5,32.0,28.6,0.0
427,Los Angeles Kings,1981-82,10,4,6,0,0,0,0,.000,41,42,0,4.10,4.20,--,--,35.3,31.6,--
428,Minnesota Wild,2014-15,10,4,6,0,0,0,0,.000,24,27,0,2.40,2.70,30.4,76.5,26.7,27.2,46.3
429,Toronto Maple Leafs,1976-77,9,4,5,0,0,0,0,.000,31,29,0,3.44,3.22,--,--,30.6,34.8,--
430,Dallas Stars,2000-01,10,4,6,0,0,0,0,.000,22,26,0,2.20,2.60,11.6,87.2,30.0,27.8,50.4
431,Winnipeg Jets (1979),1986-87,10,4,6,0,0,0,0,.000,31,32,0,3.10,3.20,21.4,83.0,29.0,28.4,--
432,St. Louis Blues,2011-12,9,4,5,0,0,0,0,.000,20,23,0,2.22,2.56,17.1,92.1,28.2,26.1,51.5
433,Anaheim Ducks,1996-97,11,4,7,0,0,0,0,.000,25,30,0,2.27,2.73,25.6,86.7,32.3,38.1,0.0
434,Los Angeles Kings,1968-69,11,4,7,0,0,0,0,.000,28,41,0,2.55,3.73,--,--,30.5,28.7,--
435,Montréal Canadiens,2003-04,11,4,7,0,0,0,0,.000,24,28,0,2.18,2.55,12.5,88.1,29.1,30.9,53.3
436,Buffalo Sabres,1992-93,8,4,4,0,0,0,0,.000,31,28,0,3.88,3.50,25.6,72.2,32.3,30.0,0.0
437,Chicago Blackhawks,1969-70,8,4,4,0,0,0,0,.000,26,28,0,3.25,3.50,--,--,30.8,36.6,--
438,Colorado Avalanche,2007-08,10,4,6,0,0,0,0,.000,26,33,0,2.60,3.30,20.8,77.3,28.6,35.1,48.7
439,Detroit Red Wings,1947-48,10,4,6,0,0,0,0,.000,24,30,0,2.40,3.00,--,--,--,--,--
440,Toronto Arenas,1917-18,7,4,3,0,0,0,0,.000,28,28,0,4.00,4.00,--,--,--,--,--
441,Chicago Blackhawks,1943-44,9,4,5,0,0,0,0,.000,25,24,0,2.78,2.67,--,--,--,--,--
442,Montréal Canadiens,1951-52,11,4,7,0,0,0,0,.000,20,23,0,1.82,2.09,--,--,--,--,--
443,Detroit Red Wings,1940-41,9,4,5,0,0,0,0,.000,17,20,0,1.89,2.22,--,--,--,--,--
444,New York Islanders,1984-85,10,4,6,0,0,0,0,.000,25,28,0,2.50,2.80,--,--,26.6,33.1,--
445,Chicago Blackhawks,1971-72,8,4,4,0,0,0,0,.000,23,25,0,2.88,3.13,--,--,31.9,32.3,--
446,Toronto Maple Leafs,1959-60,10,4,6,0,0,0,0,.000,25,31,0,2.50,3.10,--,--,30.9,36.9,--
447,Montréal Canadiens,1997-98,10,4,6,0,0,0,0,.000,28,32,0,2.80,3.20,12.0,84.5,33.0,25.8,50.3
448,Vancouver Canucks,1994-95,11,4,7,0,0,0,0,.000,33,38,0,3.00,3.45,21.1,87.9,26.5,32.2,0.0
449,Toronto Maple Leafs,1937-38,7,4,3,0,0,0,0,.000,14,13,0,2.00,1.86,--,--,--,--,--
450,Washington Capitals,1983-84,8,4,4,0,0,0,0,.000,28,25,0,3.50,3.13,26.3,80.0,29.4,25.1,--
451,Toronto St. Patricks,1921-22,7,4,2,1,0,0,0,.000,21,13,0,3.00,1.86,--,--,--,--,--
452,Washington Capitals,2012-13,7,3,4,0,0,0,0,.000,12,16,0,1.71,2.29,18.8,92.8,32.3,29.3,50.8
453,Anaheim Ducks,2012-13,7,3,4,0,0,0,0,.000,21,18,0,3.00,2.57,28.0,76.0,32.1,31.1,48.1
454,Chicago Blackhawks,1963-64,7,3,4,0,0,0,0,.000,18,24,0,2.57,3.43,--,--,27.6,33.7,--
455,Los Angeles Kings,1967-68,7,3,4,0,0,0,0,.000,21,26,0,3.00,3.71,--,--,32.3,30.3,--
456,Washington Capitals,1986-87,7,3,4,0,0,0,0,.000,19,19,0,2.71,2.71,4.8,86.7,39.0,31.3,--
457,Chicago Blackhawks,1974-75,8,3,5,0,0,0,0,.000,22,35,0,2.75,4.38,--,--,23.9,35.8,--
458,Dallas Stars,1996-97,7,3,4,0,0,0,0,.000,18,21,0,2.57,3.00,7.5,82.3,35.9,31.1,0.0
459,Minnesota North Stars,1991-92,7,3,4,0,0,0,0,.000,19,23,0,2.71,3.29,20.0,84.4,27.1,32.3,0.0
460,New Jersey Devils,1991-92,7,3,4,0,0,0,0,.000,25,28,0,3.57,4.00,17.2,74.3,31.1,31.4,0.0
461,Boston Bruins,1944-45,7,3,4,0,0,0,0,.000,22,22,0,3.14,3.14,--,--,--,--,--
462,Calgary Flames,1993-94,7,3,4,0,0,0,0,.000,20,23,0,2.86,3.29,11.4,85.4,31.9,31.4,0.0
463,Minnesota North Stars,1971-72,7,3,4,0,0,0,0,.000,19,19,0,2.71,2.71,--,--,31.3,33.7,--
464,Ottawa Senators,2003-04,7,3,4,0,0,0,0,.000,11,14,0,1.57,2.00,8.6,87.5,34.0,22.0,49.8
465,Chicago Blackhawks,1979-80,7,3,4,0,0,0,0,.000,19,20,0,2.71,2.86,28.0,73.1,33.6,29.9,--
466,Winnipeg Jets (1979),1989-90,7,3,4,0,0,0,0,.000,22,24,0,3.14,3.43,19.4,81.8,29.7,29.3,0.0
467,Philadelphia Flyers,1967-68,7,3,4,0,0,0,0,.000,17,17,0,2.43,2.43,--,--,30.9,39.7,--
468,Toronto Maple Leafs,1949-50,7,3,4,0,0,0,0,.000,11,10,0,1.57,1.43,--,--,--,--,--
469,Philadelphia Flyers,1978-79,8,3,5,0,0,0,0,.000,23,37,0,2.88,4.63,19.4,83.7,31.1,27.0,--
470,Montréal Canadiens,1924-25,6,3,3,0,0,0,0,.000,13,18,0,2.17,3.00,--,--,--,--,--
471,Hartford Whalers,1989-90,7,3,4,0,0,0,0,.000,21,23,0,3.00,3.29,8.8,75.0,25.0,27.6,0.0
472,Los Angeles Kings,2001-02,7,3,4,0,0,0,0,.000,13,16,0,1.86,2.29,5.9,92.3,25.1,28.9,50.1
473,Ottawa Senators (1917),1926-27,6,3,0,3,0,0,0,.000,12,4,0,2.00,0.67,--,--,--,--,--
474,Colorado Avalanche,2013-14,7,3,4,0,0,0,0,.000,20,22,0,2.86,3.14,12.0,85.7,24.9,33.3,46.4
475,Chicago Blackhawks,1952-53,7,3,4,0,0,0,0,.000,14,18,0,2.00,2.57,--,--,--,--,--
476,Calgary Flames,1994-95,7,3,4,0,0,0,0,.000,35,26,0,5.00,3.71,22.6,80.6,37.0,27.1,0.0
477,Detroit Red Wings,1990-91,7,3,4,0,0,0,0,.000,20,24,0,2.86,3.43,12.1,92.3,23.9,31.6,0.0
478,Montréal Canadiens,1963-64,7,3,4,0,0,0,0,.000,14,17,0,2.00,2.43,--,--,30.3,31.1,--
479,Ottawa Senators,2011-12,7,3,4,0,0,0,0,.000,13,14,0,1.86,2.00,15.4,84.4,31.1,29.7,54.4
480,Chicago Blackhawks,2010-11,7,3,4,0,0,0,0,.000,22,16,0,3.14,2.29,20.7,77.8,30.9,31.1,51.9
481,Detroit Red Wings,1964-65,7,3,4,0,0,0,0,.000,19,23,0,2.71,3.29,--,--,30.7,26.7,--
482,New York Americans,1937-38,6,3,3,0,0,0,0,.000,13,12,0,2.17,2.00,--,--,--,--,--
483,Toronto Maple Leafs,2002-03,7,3,4,0,0,0,0,.000,16,24,0,2.29,3.43,12.0,84.8,27.0,40.3,51.4
484,Boston Bruins,1970-71,7,3,4,0,0,0,0,.000,26,28,0,3.71,4.00,--,--,40.9,33.0,--
485,Boston Bruins,2003-04,7,3,4,0,0,0,0,.000,14,19,0,2.00,2.71,8.0,90.0,32.1,30.4,48.1
486,New York Rangers,1938-39,7,3,4,0,0,0,0,.000,12,14,0,1.71,2.00,--,--,--,--,--
487,Montréal Canadiens,2010-11,7,3,4,0,0,0,0,.000,17,17,0,2.43,2.43,22.2,100.0,32.7,34.7,46.9
488,Colorado Avalanche,2002-03,7,3,4,0,0,0,0,.000,17,16,0,2.43,2.29,15.4,75.9,29.3,25.3,53.8
489,Ottawa Senators (1917),1919-20,5,3,2,0,0,0,0,.000,15,11,0,3.00,2.20,--,--,--,--,--
490,New York Rangers,2008-09,7,3,4,0,0,0,0,.000,11,19,0,1.57,2.71,12.9,81.8,23.7,30.9,46.3
491,Vancouver Canucks,2003-04,7,3,4,0,0,0,0,.000,16,19,0,2.29,2.71,20.5,85.0,29.4,29.1,51.5
492,Toronto Maple Leafs,1994-95,7,3,4,0,0,0,0,.000,20,22,0,2.86,3.14,19.4,92.6,29.3,36.4,0.0
493,Boston Bruins,1929-30,6,3,3,0,0,0,0,.000,14,12,0,2.33,2.00,--,--,--,--,--
494,Philadelphia Flyers,1987-88,7,3,4,0,0,0,0,.000,25,31,0,3.57,4.43,12.2,83.0,31.0,29.7,0.0
495,Edmonton Oilers,1988-89,7,3,4,0,0,0,0,.000,20,25,0,2.86,3.57,18.8,69.4,28.1,32.4,0.0
496,Calgary Flames,2005-06,7,3,4,0,0,0,0,.000,16,17,0,2.29,2.43,14.0,86.4,25.3,29.0,50.3
497,San Jose Sharks,2013-14,7,3,4,0,0,0,0,.000,22,26,0,3.14,3.71,12.5,75.0,35.4,31.9,49.7
498,Philadelphia Flyers,2013-14,7,3,4,0,0,0,0,.000,16,19,0,2.29,2.71,28.6,89.6,25.6,31.6,51.6
499,Montréal Canadiens,1993-94,7,3,4,0,0,0,0,.000,20,22,0,2.86,3.14,21.4,77.4,25.6,36.3,0.0
500,Minnesota North Stars,1989-90,7,3,4,0,0,0,0,.000,18,21,0,2.57,3.00,18.6,88.4,31.4,31.3,0.0
501,St. Louis Blues,1999-00,7,3,4,0,0,0,0,.000,22,20,0,3.14,2.86,20.5,82.8,27.9,23.1,51.5
502,Washington Capitals,2009-10,7,3,4,0,0,0,0,.000,22,20,0,3.14,2.86,3.0,80.0,41.7,27.7,57.1
503,Chicago Blackhawks,2015-16,7,3,4,0,0,0,0,.000,20,19,0,2.86,2.71,31.6,72.2,36.6,29.3,49.3
504,Colorado Avalanche,1997-98,7,3,4,0,0,0,0,.000,16,19,0,2.29,2.71,14.3,84.8,30.3,27.4,55.2
505,Vancouver Canucks,1988-89,7,3,4,0,0,0,0,.000,20,26,0,2.86,3.71,15.9,72.2,27.7,35.1,0.0
506,Washington Capitals,1991-92,7,3,4,0,0,0,0,.000,27,25,0,3.86,3.57,18.9,67.6,28.9,30.7,0.0
507,New Jersey Devils,1990-91,7,3,4,0,0,0,0,.000,21,21,0,3.00,3.00,24.2,81.6,32.4,30.9,0.0
508,Anaheim Ducks,2015-16,7,3,4,0,0,0,0,.000,18,14,0,2.57,2.00,16.0,96.2,28.6,27.6,54.3
509,New York Rangers,1928-29,6,3,2,1,0,0,0,.000,5,5,0,0.83,0.83,--,--,--,--,--
510,Buffalo Sabres,2010-11,7,3,4,0,0,0,0,.000,18,22,0,2.57,3.14,22.6,85.7,30.3,35.9,52.7
511,Detroit Red Wings,2014-15,7,3,4,0,0,0,0,.000,15,17,0,2.14,2.43,17.2,93.3,24.0,28.6,45.9
512,New Jersey Devils,2008-09,7,3,4,0,0,0,0,.000,15,17,0,2.14,2.43,11.1,93.1,34.6,34.1,50.5
513,Washington Capitals,1994-95,7,3,4,0,0,0,0,.000,26,29,0,3.71,4.14,13.6,76.2,29.6,25.3,0.0
514,St. Louis Blues,2002-03,7,3,4,0,0,0,0,.000,21,17,0,3.00,2.43,20.8,85.1,28.3,26.1,43.0
515,Detroit Red Wings,1992-93,7,3,4,0,0,0,0,.000,30,24,0,4.29,3.43,33.3,88.2,31.3,28.6,0.0
516,Boston Bruins,2007-08,7,3,4,0,0,0,0,.000,15,19,0,2.14,2.71,10.0,90.9,28.6,31.6,49.5
517,Calgary Flames,1990-91,7,3,4,0,0,0,0,.000,20,22,0,2.86,3.14,20.0,84.4,30.1,29.4,0.0
518,Montréal Canadiens,1948-49,7,3,4,0,0,0,0,.000,14,17,0,2.00,2.43,--,--,--,--,--
519,Calgary Flames,2007-08,7,3,4,0,0,0,0,.000,17,19,0,2.43,2.71,27.3,80.6,23.1,32.7,46.4
520,Phoenix Coyotes,1996-97,7,3,4,0,0,0,0,.000,17,17,0,2.43,2.43,11.5,78.6,28.0,32.0,0.0
521,Toronto Maple Leafs,2012-13,7,3,4,0,0,0,0,.000,18,22,0,2.57,3.14,23.8,85.0,33.4,39.0,40.0
522,Phoenix Coyotes,2009-10,7,3,4,0,0,0,0,.000,18,26,0,2.57,3.71,18.2,76.5,31.6,36.7,48.3
523,Florida Panthers,2011-12,7,3,4,0,0,0,0,.000,17,18,0,2.43,2.57,33.3,80.0,27.9,31.9,54.4
524,Buffalo Sabres,1993-94,7,3,4,0,0,0,0,.000,14,14,0,2.00,2.00,10.5,81.3,27.9,37.4,0.0
525,Winnipeg Jets (1979),1984-85,8,3,5,0,0,0,0,.000,26,35,0,3.25,4.38,--,--,30.8,31.8,--
526,Pittsburgh Penguins,2010-11,7,3,4,0,0,0,0,.000,14,22,0,2.00,3.14,2.9,70.4,36.7,25.7,49.7
527,New York Islanders,2001-02,7,3,4,0,0,0,0,.000,21,22,0,3.00,3.14,28.9,88.4,28.3,30.7,49.7
528,New Jersey Devils,1998-99,7,3,4,0,0,0,0,.000,18,21,0,2.57,3.00,18.5,84.6,28.1,20.0,51.8
529,Dallas Stars,2006-07,7,3,4,0,0,0,0,.000,12,13,0,1.71,1.86,10.0,92.1,34.3,33.0,53.7
530,Detroit Red Wings,1993-94,7,3,4,0,0,0,0,.000,27,21,0,3.86,3.00,14.3,83.3,31.1,21.9,0.0
531,Winnipeg Jets (1979),1991-92,7,3,4,0,0,0,0,.000,17,29,0,2.43,4.14,18.4,87.2,28.3,32.7,0.0
532,Phoenix Coyotes,1998-99,7,3,4,0,0,0,0,.000,16,19,0,2.29,2.71,12.2,72.7,25.1,33.9,45.1
533,Toronto Maple Leafs,1940-41,7,3,4,0,0,0,0,.000,17,15,0,2.43,2.14,--,--,--,--,--
534,St. Louis Blues,1994-95,7,3,4,0,0,0,0,.000,27,27,0,3.86,3.86,13.3,74.4,35.9,27.0,0.0
535,New York Islanders,1977-78,7,3,4,0,0,0,0,.000,13,16,0,1.86,2.29,10.7,84.6,31.1,27.4,--
536,Detroit Red Wings,1938-39,6,3,3,0,0,0,0,.000,16,15,0,2.67,2.50,--,--,--,--,--
537,New York Islanders,2014-15,7,3,4,0,0,0,0,.000,15,16,0,2.14,2.29,0.0,84.6,28.4,31.6,44.0
538,Victoria Cougars,1924-25,4,3,1,0,0,0,0,.000,16,8,0,4.00,2.00,--,--,--,--,--
539,Boston Bruins,2011-12,7,3,4,0,0,0,0,.000,15,16,0,2.14,2.29,8.7,84.2,35.4,29.6,48.9
540,Ottawa Senators,1996-97,7,3,4,0,0,0,0,.000,13,14,0,1.86,2.00,20.0,92.6,29.1,24.1,0.0
541,Boston Bruins,1951-52,7,3,4,0,0,0,0,.000,12,18,0,1.71,2.57,--,--,--,--,--
542,Toronto Maple Leafs,1934-35,7,3,4,0,0,0,0,.000,11,12,0,1.57,1.71,--,--,--,--,--
543,Buffalo Sabres,1977-78,8,3,5,0,0,0,0,.000,22,22,0,2.75,2.75,13.8,68.2,29.9,26.3,--
544,Hartford Whalers,1991-92,7,3,4,0,0,0,0,.000,18,21,0,2.57,3.00,15.0,80.5,29.7,35.7,0.0
545,Buffalo Sabres,1991-92,7,3,4,0,0,0,0,.000,24,19,0,3.43,2.71,25.0,78.6,28.7,28.7,0.0
546,Detroit Red Wings,1977-78,7,3,4,0,0,0,0,.000,18,29,0,2.57,4.14,15.2,75.0,24.1,32.6,--
547,Washington Capitals,2007-08,7,3,4,0,0,0,0,.000,20,23,0,2.86,3.29,22.9,77.8,31.1,34.7,49.0
548,Boston Bruins,1958-59,7,3,4,0,0,0,0,.000,21,20,0,3.00,2.86,--,--,--,--,--
549,Oakland Seals,1968-69,7,3,4,0,0,0,0,.000,25,23,0,3.57,3.29,--,--,30.6,32.6,--
550,New York Rangers,1931-32,7,3,4,0,0,0,0,.000,23,27,0,3.29,3.86,--,--,--,--,--
551,Chicago Blackhawks,1940-41,5,2,3,0,0,0,0,.000,10,12,0,2.00,2.40,--,--,--,--,--
552,Pittsburgh Penguins,1997-98,6,2,4,0,0,0,0,.000,15,18,0,2.50,3.00,12.1,81.5,26.5,28.7,53.6
553,Vancouver Millionaires,1921-22,5,2,3,0,0,0,0,.000,9,16,0,1.80,3.20,--,--,--,--,--
554,Quebec Nordiques,1994-95,6,2,4,0,0,0,0,.000,19,25,0,3.17,4.17,8.0,75.9,27.2,32.3,0.0
555,Boston Bruins,1932-33,5,2,3,0,0,0,0,.000,7,9,0,1.40,1.80,--,--,--,--,--
556,Detroit Red Wings,1932-33,4,2,2,0,0,0,0,.000,8,8,0,2.00,2.00,--,--,--,--,--
557,Colorado Avalanche,2009-10,6,2,4,0,0,0,0,.000,11,19,0,1.83,3.17,13.3,80.8,24.8,40.8,46.2
558,Montréal Canadiens,1973-74,6,2,4,0,0,0,0,.000,17,21,0,2.83,3.50,--,--,27.7,31.8,--
559,Montréal Maroons,1936-37,5,2,3,0,0,0,0,.000,8,11,0,1.60,2.20,--,--,--,--,--
560,Chicago Blackhawks,1962-63,6,2,4,0,0,0,0,.000,19,25,0,3.17,4.17,--,--,28.5,40.2,--
561,New York Islanders,1987-88,6,2,4,0,0,0,0,.000,18,23,0,3.00,3.83,13.2,76.7,31.7,25.7,0.0
562,Chicago Blackhawks,1996-97,6,2,4,0,0,0,0,.000,14,28,0,2.33,4.67,3.7,73.3,30.7,36.3,0.0
563,Philadelphia Flyers,1985-86,5,2,3,0,0,0,0,.000,15,18,0,3.00,3.60,10.3,76.2,35.2,25.2,--
564,Pittsburgh Penguins,1993-94,6,2,4,0,0,0,0,.000,12,20,0,2.00,3.33,7.4,90.0,24.5,27.5,0.0
565,Edmonton Oilers,2002-03,6,2,4,0,0,0,0,.000,11,20,0,1.83,3.33,4.3,82.0,22.3,29.0,50.5
566,Calgary Flames,2008-09,6,2,4,0,0,0,0,.000,16,21,0,2.67,3.50,11.1,70.8,29.3,29.2,48.4
567,Detroit Red Wings,1939-40,5,2,3,0,0,0,0,.000,11,12,0,2.20,2.40,--,--,--,--,--
568,Buffalo Sabres,2009-10,6,2,4,0,0,0,0,.000,15,16,0,2.50,2.67,0.0,72.7,32.3,34.2,45.0
569,Los Angeles Kings,1991-92,6,2,4,0,0,0,0,.000,18,23,0,3.00,3.83,17.1,70.6,32.0,30.0,0.0
570,Buffalo Sabres,1990-91,6,2,4,0,0,0,0,.000,24,29,0,4.00,4.83,16.7,75.7,31.5,30.7,0.0
571,Edmonton Oilers,2000-01,6,2,4,0,0,0,0,.000,13,16,0,2.17,2.67,16.1,84.6,25.3,31.3,51.7
572,St. Louis Blues,1970-71,6,2,4,0,0,0,0,.000,15,16,0,2.50,2.67,--,--,30.7,25.5,--
573,New York Rangers,1967-68,6,2,4,0,0,0,0,.000,12,18,0,2.00,3.00,--,--,31.8,33.2,--
574,Anaheim Ducks,2007-08,6,2,4,0,0,0,0,.000,13,20,0,2.17,3.33,20.8,73.7,23.0,31.3,49.5
575,New York Rangers,1986-87,6,2,4,0,0,0,0,.000,13,22,0,2.17,3.67,11.4,90.6,29.7,34.3,--
576,Washington Capitals,2000-01,6,2,4,0,0,0,0,.000,10,14,0,1.67,2.33,31.8,76.2,26.8,25.5,57.0
577,New Jersey Devils,1989-90,6,2,4,0,0,0,0,.000,18,21,0,3.00,3.50,16.1,86.2,26.2,26.7,0.0
578,Boston Bruins,1926-27,8,2,2,4,0,0,0,.000,16,13,0,2.00,1.63,--,--,--,--,--
579,Boston Bruins,1939-40,6,2,4,0,0,0,0,.000,9,15,0,1.50,2.50,--,--,--,--,--
580,Toronto Maple Leafs,1970-71,6,2,4,0,0,0,0,.000,15,16,0,2.50,2.67,--,--,26.2,31.3,--
581,Calgary Flames,1989-90,6,2,4,0,0,0,0,.000,24,29,0,4.00,4.83,6.1,78.3,32.5,28.8,0.0
582,Seattle Metropolitans,1919-20,5,2,3,0,0,0,0,.000,11,15,0,2.20,3.00,--,--,--,--,--
583,Vancouver Millionaires,1917-18,5,2,3,0,0,0,0,.000,21,18,0,4.20,3.60,--,--,--,--,--
584,Toronto Maple Leafs,1995-96,6,2,4,0,0,0,0,.000,15,21,0,2.50,3.50,25.0,85.3,33.3,35.2,0.0
585,Vancouver Millionaires,1920-21,5,2,3,0,0,0,0,.000,12,12,0,2.40,2.40,--,--,--,--,--
586,Tampa Bay Lightning,2006-07,6,2,4,0,0,0,0,.000,14,19,0,2.33,3.17,15.4,75.0,28.0,28.2,48.8
587,New York Rangers,1990-91,6,2,4,0,0,0,0,.000,16,16,0,2.67,2.67,11.1,92.8,30.8,34.2,0.0
588,Montréal Canadiens,1944-45,6,2,4,0,0,0,0,.000,21,15,0,3.50,2.50,--,--,--,--,--
589,Nashville Predators,2003-04,6,2,4,0,0,0,0,.000,9,12,0,1.50,2.00,3.4,93.1,21.3,32.8,40.1
590,Toronto Maple Leafs,1964-65,6,2,4,0,0,0,0,.000,14,17,0,2.33,2.83,--,--,31.5,31.7,--
591,New York Rangers,1969-70,6,2,4,0,0,0,0,.000,16,25,0,2.67,4.17,--,--,36.0,30.2,--
592,Seattle Metropolitans,1918-19,5,2,2,1,0,0,0,.000,19,10,0,3.80,2.00,--,--,--,--,--
593,Montréal Canadiens,1960-61,6,2,4,0,0,0,0,.000,15,16,0,2.50,2.67,--,--,26.7,21.2,--
594,Hartford Whalers,1990-91,6,2,4,0,0,0,0,.000,17,24,0,2.83,4.00,26.1,72.2,28.0,29.0,0.0
595,Pittsburgh Penguins,1980-81,5,2,3,0,0,0,0,.000,21,20,0,4.20,4.00,25.0,65.2,34.4,35.8,--
596,Vancouver Canucks,2014-15,6,2,4,0,0,0,0,.000,14,18,0,2.33,3.00,18.8,72.2,30.2,26.2,50.0
597,Montréal Canadiens,2005-06,6,2,4,0,0,0,0,.000,17,15,0,2.83,2.50,22.2,80.0,27.8,35.3,54.0
598,Philadelphia Flyers,2008-09,6,2,4,0,0,0,0,.000,16,18,0,2.67,3.00,13.3,87.5,32.3,33.3,44.3
599,St. Louis Blues,2013-14,6,2,4,0,0,0,0,.000,14,20,0,2.33,3.33,6.9,85.0,35.8,31.0,46.7
600,Winnipeg Jets (1979),1992-93,6,2,4,0,0,0,0,.000,17,21,0,2.83,3.50,26.1,86.2,25.7,30.7,0.0
601,Vancouver Canucks,1990-91,6,2,4,0,0,0,0,.000,16,26,0,2.67,4.33,21.7,79.2,30.0,33.7,0.0
602,Toronto Maple Leafs,1974-75,7,2,5,0,0,0,0,.000,13,21,0,1.86,3.00,--,--,28.1,30.0,--
603,Pittsburgh Penguins,2011-12,6,2,4,0,0,0,0,.000,26,30,0,4.33,5.00,31.0,47.8,30.2,27.5,51.9
604,Toronto Maple Leafs,1978-79,6,2,4,0,0,0,0,.000,19,24,0,3.17,4.00,15.8,70.0,32.2,34.7,--
605,Detroit Red Wings,1959-60,6,2,4,0,0,0,0,.000,16,20,0,2.67,3.33,--,--,38.0,31.5,--
606,Minnesota Wild,2015-16,6,2,4,0,0,0,0,.000,17,21,0,2.83,3.50,25.0,78.9,26.0,27.3,48.8
607,Boston Bruins,2001-02,6,2,4,0,0,0,0,.000,18,20,0,3.00,3.33,25.0,77.8,35.3,23.7,45.8
608,Florida Panthers,2015-16,6,2,4,0,0,0,0,.000,14,15,0,2.33,2.50,13.3,76.2,39.2,37.8,48.7
609,San Jose Sharks,2008-09,6,2,4,0,0,0,0,.000,10,18,0,1.67,3.00,16.7,78.3,38.3,26.0,50.7
610,Chicago Blackhawks,1983-84,5,2,3,0,0,0,0,.000,14,18,0,2.80,3.60,13.0,78.3,24.2,34.2,--
611,Toronto Maple Leafs,1933-34,5,2,3,0,0,0,0,.000,12,11,0,2.40,2.20,--,--,--,--,--
612,Montréal Canadiens,1995-96,6,2,4,0,0,0,0,.000,17,19,0,2.83,3.17,9.7,74.2,27.7,34.2,0.0
613,Philadelphia Flyers,2015-16,6,2,4,0,0,0,0,.000,6,14,0,1.00,2.33,4.2,70.4,25.8,31.0,51.8
614,Boston Bruins,1997-98,6,2,4,0,0,0,0,.000,13,15,0,2.17,2.50,15.0,85.0,39.8,26.7,46.9
615,Boston Bruins,1930-31,5,2,3,0,0,0,0,.000,13,13,0,2.60,2.60,--,--,--,--,--
616,St. Louis Blues,1991-92,6,2,4,0,0,0,0,.000,19,23,0,3.17,3.83,19.4,78.6,29.3,36.2,0.0
617,Edmonton Oilers,1981-82,5,2,3,0,0,0,0,.000,23,27,0,4.60,5.40,--,--,36.0,35.6,--
618,New York Rangers,1930-31,4,2,2,0,0,0,0,.000,8,4,0,2.00,1.00,--,--,--,--,--
619,Buffalo Sabres,1976-77,6,2,4,0,0,0,0,.000,21,19,0,3.50,3.17,--,--,34.3,24.0,--
620,Washington Capitals,1988-89,6,2,4,0,0,0,0,.000,19,25,0,3.17,4.17,20.9,73.5,33.5,27.3,0.0
621,St. Louis Blues,1996-97,6,2,4,0,0,0,0,.000,12,13,0,2.00,2.17,13.5,85.7,24.8,30.5,0.0
622,Detroit Red Wings,1988-89,6,2,4,0,0,0,0,.000,18,25,0,3.00,4.17,16.2,73.0,29.2,33.0,0.0
623,Boston Bruins,1984-85,5,2,3,0,0,0,0,.000,17,19,0,3.40,3.80,--,--,22.8,27.2,--
624,Philadelphia Flyers,2005-06,6,2,4,0,0,0,0,.000,14,27,0,2.33,4.50,10.3,82.9,26.7,34.2,50.2
625,New York Islanders,2012-13,6,2,4,0,0,0,0,.000,17,25,0,2.83,4.17,10.0,66.7,32.8,27.8,49.3
626,Montréal Canadiens,1981-82,5,2,3,0,0,0,0,.000,16,11,0,3.20,2.20,--,--,32.4,20.6,--
627,Toronto Maple Leafs,1987-88,6,2,4,0,0,0,0,.000,20,32,0,3.33,5.33,14.6,65.6,25.8,32.8,0.0
628,Detroit Red Wings,1952-53,6,2,4,0,0,0,0,.000,21,21,0,3.50,3.50,--,--,--,--,--
629,Ottawa Senators,2014-15,6,2,4,0,0,0,0,.000,12,12,0,2.00,2.00,25.0,95.0,33.0,37.3,48.7
630,Minnesota North Stars,1972-73,6,2,4,0,0,0,0,.000,12,14,0,2.00,2.33,--,--,33.5,31.3,--
631,New Jersey Devils,2001-02,6,2,4,0,0,0,0,.000,11,9,0,1.83,1.50,21.4,81.0,32.8,24.2,44.7
632,Calgary Flames,1986-87,6,2,4,0,0,0,0,.000,15,22,0,2.50,3.67,17.8,73.3,28.7,30.5,--
633,Quebec Nordiques,1980-81,5,2,3,0,0,0,0,.000,17,22,0,3.40,4.40,20.8,84.6,23.4,33.4,--
634,Montréal Canadiens,1936-37,5,2,3,0,0,0,0,.000,8,13,0,1.60,2.60,--,--,--,--,--
635,Tampa Bay Lightning,1995-96,6,2,4,0,0,0,0,.000,13,26,0,2.17,4.33,8.6,76.7,25.0,31.0,0.0
636,New York Americans,1935-36,5,2,3,0,0,0,0,.000,10,11,0,2.00,2.20,--,--,--,--,--
637,New York Rangers,1961-62,6,2,4,0,0,0,0,.000,15,22,0,2.50,3.67,--,--,26.8,34.8,--
638,Chicago Blackhawks,1958-59,6,2,4,0,0,0,0,.000,16,21,0,2.67,3.50,--,--,--,--,--
639,San Jose Sharks,2000-01,6,2,4,0,0,0,0,.000,11,16,0,1.83,2.67,0.0,81.5,26.8,30.5,46.9
640,Nashville Predators,2009-10,6,2,4,0,0,0,0,.000,15,17,0,2.50,2.83,3.7,82.6,27.7,30.0,47.2
641,New York Rangers,1957-58,6,2,4,0,0,0,0,.000,16,28,0,2.67,4.67,--,--,29.7,36.2,--
642,Minnesota Wild,2007-08,6,2,4,0,0,0,0,.000,12,17,0,2.00,2.83,14.3,80.0,33.3,30.2,50.7
643,Minnesota North Stars,1985-86,5,2,3,0,0,0,0,.000,20,18,0,4.00,3.60,25.0,92.0,33.8,31.6,--
644,Vancouver Canucks,2001-02,6,2,4,0,0,0,0,.000,16,22,0,2.67,3.67,14.8,72.0,24.5,28.3,46.1
645,Philadelphia Flyers,1998-99,6,2,4,0,0,0,0,.000,11,9,0,1.83,1.50,11.1,85.3,31.8,24.3,47.8
646,Detroit Red Wings,2000-01,6,2,4,0,0,0,0,.000,17,15,0,2.83,2.50,33.3,85.0,27.7,26.3,49.9
647,Calgary Flames,2006-07,6,2,4,0,0,0,0,.000,10,18,0,1.67,3.00,17.6,86.8,21.5,42.5,45.4
648,Buffalo Sabres,1984-85,5,2,3,0,0,0,0,.000,22,22,0,4.40,4.40,--,--,25.8,30.2,--
649,Phoenix Coyotes,1997-98,6,2,4,0,0,0,0,.000,18,24,0,3.00,4.00,18.2,83.3,26.0,33.8,43.6
650,Buffalo Sabres,1989-90,6,2,4,0,0,0,0,.000,13,17,0,2.17,2.83,20.0,93.1,28.0,32.0,0.0
651,Pittsburgh Penguins,1978-79,7,2,5,0,0,0,0,.000,16,25,0,2.29,3.57,7.1,78.9,24.9,31.7,--
652,Montréal Canadiens,1961-62,6,2,4,0,0,0,0,.000,13,19,0,2.17,3.17,--,--,29.5,28.3,--
653,Washington Capitals,1984-85,5,2,3,0,0,0,0,.000,12,14,0,2.40,2.80,--,--,34.4,25.0,--
654,Chicago Blackhawks,2011-12,6,2,4,0,0,0,0,.000,12,17,0,2.00,2.83,5.3,78.9,40.2,26.5,49.3
655,Anaheim Ducks,2010-11,6,2,4,0,0,0,0,.000,20,22,0,3.33,3.67,36.4,77.8,27.2,31.7,46.3
656,San Jose Sharks,1997-98,6,2,4,0,0,0,0,.000,12,16,0,2.00,2.67,16.7,81.6,21.8,24.2,47.0
657,Calgary Flames,1992-93,6,2,4,0,0,0,0,.000,28,33,0,4.67,5.50,22.5,87.5,34.8,28.8,0.0
658,St. Louis Blues,1986-87,6,2,4,0,0,0,0,.000,12,15,0,2.00,2.50,16.7,92.8,28.3,29.3,--
659,Philadelphia Flyers,2000-01,6,2,4,0,0,0,0,.000,13,21,0,2.17,3.50,23.5,66.7,29.3,30.3,45.1
660,New York Rangers,1983-84,5,2,3,0,0,0,0,.000,14,13,0,2.80,2.60,17.4,100.0,30.2,33.2,--
661,Chicago Blackhawks,1966-67,6,2,4,0,0,0,0,.000,14,18,0,2.33,3.00,--,--,37.0,34.3,--
662,Toronto Maple Leafs,1942-43,6,2,4,0,0,0,0,.000,17,20,0,2.83,3.33,--,--,--,--,--
663,Quebec Nordiques,1992-93,6,2,4,0,0,0,0,.000,16,19,0,2.67,3.17,22.2,81.0,35.5,37.2,0.0
664,Minnesota North Stars,1969-70,6,2,4,0,0,0,0,.000,16,20,0,2.67,3.33,--,--,26.7,36.3,--
665,Detroit Red Wings,2005-06,6,2,4,0,0,0,0,.000,17,19,0,2.83,3.17,20.0,78.4,39.7,26.0,53.4
666,Washington Capitals,2002-03,6,2,4,0,0,0,0,.000,15,14,0,2.50,2.33,18.5,85.2,29.8,32.0,54.0
667,Montréal Canadiens,1971-72,6,2,4,0,0,0,0,.000,14,19,0,2.33,3.17,--,--,27.2,32.3,--
668,Dallas Stars,2013-14,6,2,4,0,0,0,0,.000,18,20,0,3.00,3.33,10.3,73.1,29.8,27.8,51.6
669,Carolina Hurricanes,2000-01,6,2,4,0,0,0,0,.000,8,20,0,1.33,3.33,10.3,91.7,19.0,33.5,55.5
670,Nashville Predators,2007-08,6,2,4,0,0,0,0,.000,12,17,0,2.00,2.83,8.7,88.5,24.0,40.3,47.6
671,Chicago Blackhawks,1965-66,6,2,4,0,0,0,0,.000,10,22,0,1.67,3.67,--,--,25.5,30.2,--
672,New York Rangers,1941-42,6,2,4,0,0,0,0,.000,12,13,0,2.00,2.17,--,--,--,--,--
673,Chicago Blackhawks,1990-91,6,2,4,0,0,0,0,.000,16,23,0,2.67,3.83,19.4,72.2,26.5,37.0,0.0
674,Nashville Predators,2014-15,6,2,4,0,0,0,0,.000,21,19,0,3.50,3.17,27.3,84.2,38.7,34.7,50.5
675,New York Rangers,1947-48,6,2,4,0,0,0,0,.000,12,17,0,2.00,2.83,--,--,--,--,--
676,Detroit Red Wings,1950-51,6,2,4,0,0,0,0,.000,12,13,0,2.00,2.17,--,--,--,--,--
677,Ottawa Senators,2009-10,6,2,4,0,0,0,0,.000,19,24,0,3.17,4.00,31.8,75.0,28.8,36.7,52.5
678,Los Angeles Kings,2010-11,6,2,4,0,0,0,0,.000,20,20,0,3.33,3.33,20.8,91.3,28.2,38.2,44.5
679,Chicago Blackhawks,1993-94,6,2,4,0,0,0,0,.000,10,15,0,1.67,2.50,13.8,71.9,27.7,31.8,0.0
680,Buffalo Sabres,1972-73,6,2,4,0,0,0,0,.000,16,21,0,2.67,3.50,--,--,37.8,31.0,--
681,Washington Capitals,1995-96,6,2,4,0,0,0,0,.000,17,21,0,2.83,3.50,18.4,83.3,41.3,34.3,0.0
682,Ottawa Senators,1999-00,6,2,4,0,0,0,0,.000,10,17,0,1.67,2.83,9.1,91.3,28.8,28.2,47.4
683,San Jose Sharks,1998-99,6,2,4,0,0,0,0,.000,17,19,0,2.83,3.17,17.1,83.3,31.8,34.7,42.9
684,Columbus Blue Jackets,2013-14,6,2,4,0,0,0,0,.000,18,21,0,3.00,3.50,25.9,79.3,32.7,36.5,51.5
685,St. Louis Blues,2014-15,6,2,4,0,0,0,0,.000,14,17,0,2.33,2.83,18.2,66.7,26.5,22.7,52.9
686,Washington Capitals,1992-93,6,2,4,0,0,0,0,.000,22,23,0,3.67,3.83,34.6,93.3,31.5,37.5,0.0
687,Winnipeg Jets (1979),1995-96,6,2,4,0,0,0,0,.000,10,20,0,1.67,3.33,0.0,78.4,17.8,35.8,0.0
688,Hartford Whalers,1986-87,6,2,4,0,0,0,0,.000,19,27,0,3.17,4.50,17.1,69.2,34.5,30.2,--
689,Pittsburgh Penguins,1981-82,5,2,3,0,0,0,0,.000,13,22,0,2.60,4.40,--,--,28.4,36.6,--
690,New Jersey Devils,1997-98,6,2,4,0,0,0,0,.000,12,13,0,2.00,2.17,13.0,84.0,29.0,27.5,52.7
691,Hartford Whalers,1987-88,6,2,4,0,0,0,0,.000,20,23,0,3.33,3.83,19.2,76.9,30.0,28.2,0.0
692,Vancouver Canucks,1995-96,6,2,4,0,0,0,0,.000,17,24,0,2.83,4.00,17.9,77.8,26.0,29.7,0.0
693,Carolina Hurricanes,1998-99,6,2,4,0,0,0,0,.000,10,16,0,1.67,2.67,9.5,83.3,27.3,30.3,50.4
694,Toronto Maple Leafs,1928-29,4,2,2,0,0,0,0,.000,8,5,0,2.00,1.25,--,--,--,--,--
695,Buffalo Sabres,1987-88,6,2,4,0,0,0,0,.000,22,28,0,3.67,4.67,30.6,85.7,27.2,31.2,0.0
696,Pittsburgh Penguins,1979-80,5,2,3,0,0,0,0,.000,14,21,0,2.80,4.20,27.8,77.8,23.4,31.8,--
697,Los Angeles Kings,2009-10,6,2,4,0,0,0,0,.000,18,25,0,3.00,4.17,38.5,75.0,27.7,31.2,45.0
698,St. Louis Blues,2012-13,6,2,4,0,0,0,0,.000,10,12,0,1.67,2.00,11.8,86.7,29.5,24.8,52.9
699,Boston Bruins,1941-42,5,2,3,0,0,0,0,.000,10,16,0,2.00,3.20,--,--,--,--,--
700,Pittsburgh Penguins,1996-97,5,1,4,0,0,0,0,.000,13,20,0,2.60,4.00,17.4,86.2,27.8,42.6,0.0
701,Buffalo Sabres,1988-89,5,1,4,0,0,0,0,.000,14,16,0,2.80,3.20,19.4,83.3,24.2,28.0,0.0
702,New Jersey Devils,1992-93,5,1,4,0,0,0,0,.000,13,23,0,2.60,4.60,14.3,74.1,30.4,31.6,0.0
703,Dallas Stars,2005-06,5,1,4,0,0,0,0,.000,15,18,0,3.00,3.60,16.1,82.1,31.2,27.2,55.1
704,New York Rangers,1956-57,5,1,4,0,0,0,0,.000,12,22,0,2.40,4.40,--,--,--,--,--
705,Montréal Canadiens,1937-38,3,1,2,0,0,0,0,.000,8,11,0,2.67,3.67,--,--,--,--,--
706,Detroit Red Wings,1945-46,5,1,4,0,0,0,0,.000,10,16,0,2.00,3.20,--,--,--,--,--
707,Pittsburgh Penguins,2006-07,5,1,4,0,0,0,0,.000,10,18,0,2.00,3.60,14.3,75.0,22.0,30.2,46.1
708,Minnesota Wild,2012-13,5,1,4,0,0,0,0,.000,7,17,0,1.40,3.40,0.0,84.6,27.8,33.8,50.1
709,Quebec Nordiques,1982-83,4,1,3,0,0,0,0,.000,8,11,0,2.00,2.75,16.7,87.5,26.5,30.3,--
710,Boston Bruins,1974-75,3,1,2,0,0,0,0,.000,15,12,0,5.00,4.00,--,--,44.0,28.3,--
711,Atlanta Flames,1976-77,3,1,2,0,0,0,0,.000,7,11,0,2.33,3.67,--,--,27.7,24.0,--
712,New York Islanders,2003-04,5,1,4,0,0,0,0,.000,5,12,0,1.00,2.40,12.5,91.3,28.4,24.2,51.0
713,Boston Bruins,1936-37,3,1,2,0,0,0,0,.000,6,8,0,2.00,2.67,--,--,--,--,--
714,Montréal Canadiens,1941-42,3,1,2,0,0,0,0,.000,8,8,0,2.67,2.67,--,--,--,--,--
715,New York Islanders,2002-03,5,1,4,0,0,0,0,.000,7,13,0,1.40,2.60,9.7,85.7,27.2,27.6,53.4
716,Pittsburgh Pirates,1927-28,2,1,1,0,0,0,0,.000,4,6,0,2.00,3.00,--,--,--,--,--
717,Vancouver Maroons,1922-23,4,1,3,0,0,0,0,.000,7,10,0,1.75,2.50,--,--,--,--,--
718,Victoria Cougars,1925-26,4,1,3,0,0,0,0,.000,3,10,0,0.75,2.50,--,--,--,--,--
719,Vancouver Canucks,1979-80,4,1,3,0,0,0,0,.000,7,15,0,1.75,3.75,7.1,66.7,22.8,28.0,--
720,Pittsburgh Penguins,1976-77,3,1,2,0,0,0,0,.000,10,13,0,3.33,4.33,--,--,35.0,38.7,--
721,Edmonton Oilers,1999-00,5,1,4,0,0,0,0,.000,11,14,0,2.20,2.80,12.0,92.3,22.6,26.6,45.5
722,Montréal Canadiens,1962-63,5,1,4,0,0,0,0,.000,6,14,0,1.20,2.80,--,--,31.6,27.8,--
723,St. Louis Blues,2003-04,5,1,4,0,0,0,0,.000,9,12,0,1.80,2.40,4.5,90.3,25.6,23.4,52.1
724,Minnesota North Stars,1981-82,4,1,3,0,0,0,0,.000,14,14,0,3.50,3.50,--,--,36.0,29.0,--
725,Minnesota North Stars,1988-89,5,1,4,0,0,0,0,.000,15,23,0,3.00,4.60,18.8,83.3,30.2,35.2,0.0
726,Nashville Predators,2005-06,5,1,4,0,0,0,0,.000,10,17,0,2.00,3.40,18.8,75.7,27.4,34.2,58.6
727,Detroit Red Wings,1943-44,5,1,4,0,0,0,0,.000,8,17,0,1.60,3.40,--,--,--,--,--
728,Toronto Maple Leafs,1982-83,4,1,3,0,0,0,0,.000,18,18,0,4.50,4.50,28.6,75.0,33.8,45.8,--
729,Pittsburgh Penguins,2014-15,5,1,4,0,0,0,0,.000,8,11,0,1.60,2.20,15.4,85.0,26.4,30.0,54.4
730,Phoenix Coyotes,1999-00,5,1,4,0,0,0,0,.000,10,17,0,2.00,3.40,15.8,74.1,23.4,33.6,47.4
731,Philadelphia Flyers,1981-82,4,1,3,0,0,0,0,.000,15,19,0,3.75,4.75,--,--,30.0,28.8,--
732,Washington Capitals,1982-83,4,1,3,0,0,0,0,.000,11,19,0,2.75,4.75,4.2,83.3,31.8,33.5,--
733,Boston Bruins,1948-49,5,1,4,0,0,0,0,.000,10,16,0,2.00,3.20,--,--,--,--,--
734,New Jersey Devils,2007-08,5,1,4,0,0,0,0,.000,12,19,0,2.40,3.80,20.8,76.5,28.8,30.0,52.3
735,New York Rangers,1940-41,3,1,2,0,0,0,0,.000,6,6,0,2.00,2.00,--,--,--,--,--
736,Atlanta Flames,1979-80,4,1,3,0,0,0,0,.000,8,14,0,2.00,3.50,20.0,83.3,27.0,29.3,--
737,Philadelphia Flyers,2001-02,5,1,4,0,0,0,0,.000,2,11,0,0.40,2.20,6.3,83.3,27.4,28.8,53.9
738,Ottawa Senators (1917),1918-19,5,1,4,0,0,0,0,.000,18,26,0,3.60,5.20,--,--,--,--,--
739,Detroit Red Wings,1946-47,5,1,4,0,0,0,0,.000,14,18,0,2.80,3.60,--,--,--,--,--
740,Montréal Canadiens,1942-43,5,1,4,0,0,0,0,.000,17,18,0,3.40,3.60,--,--,--,--,--
741,Boston Bruins,1946-47,5,1,4,0,0,0,0,.000,10,16,0,2.00,3.20,--,--,--,--,--
742,Winnipeg Jets (1979),1981-82,4,1,3,0,0,0,0,.000,13,20,0,3.25,5.00,--,--,35.0,26.0,--
743,Los Angeles Kings,1987-88,5,1,4,0,0,0,0,.000,18,30,0,3.60,6.00,21.1,76.5,25.0,35.6,0.0
744,Toronto Maple Leafs,1971-72,5,1,4,0,0,0,0,.000,10,18,0,2.00,3.60,--,--,29.8,35.4,--
745,Tampa Bay Lightning,2005-06,5,1,4,0,0,0,0,.000,13,23,0,2.60,4.60,12.9,66.7,34.2,31.2,48.1
746,Dallas Stars,2003-04,5,1,4,0,0,0,0,.000,10,19,0,2.00,3.80,18.2,71.4,31.2,24.0,48.1
747,Buffalo Sabres,1994-95,5,1,4,0,0,0,0,.000,13,18,0,2.60,3.60,11.5,88.5,29.4,26.2,0.0
748,Boston Bruins,1950-51,6,1,4,1,0,0,0,.000,5,17,0,0.83,2.83,--,--,--,--,--
749,Vancouver Canucks,1974-75,5,1,4,0,0,0,0,.000,9,20,0,1.80,4.00,--,--,28.8,37.2,--
750,Boston Bruins,1994-95,5,1,4,0,0,0,0,.000,5,14,0,1.00,2.80,10.0,70.6,26.2,27.2,0.0
751,Montréal Canadiens,1940-41,3,1,2,0,0,0,0,.000,7,8,0,2.33,2.67,--,--,--,--,--
752,Montréal Canadiens,1922-23,2,1,1,0,0,0,0,.000,2,3,0,1.00,1.50,--,--,--,--,--
753,Montréal Canadiens,1926-27,4,1,1,2,0,0,0,.000,3,6,0,0.75,1.50,--,--,--,--,--
754,New York Rangers,1974-75,3,1,2,0,0,0,0,.000,13,10,0,4.33,3.33,--,--,34.0,25.7,--
755,Washington Capitals,1999-00,5,1,4,0,0,0,0,.000,8,17,0,1.60,3.40,14.3,79.3,32.0,21.8,55.6
756,Detroit Red Wings,2013-14,5,1,4,0,0,0,0,.000,6,14,0,1.20,2.80,10.0,62.5,30.4,32.2,46.5
757,Boston Bruins,1954-55,5,1,4,0,0,0,0,.000,9,16,0,1.80,3.20,--,--,--,--,--
758,Chicago Blackhawks,1941-42,3,1,2,0,0,0,0,.000,7,5,0,2.33,1.67,--,--,--,--,--
759,Montréal Canadiens,1917-18,2,1,1,0,0,0,0,.000,7,10,0,3.50,5.00,--,--,--,--,--
760,Dallas Stars,1994-95,5,1,4,0,0,0,0,.000,10,17,0,2.00,3.40,11.5,70.0,22.8,35.6,0.0
761,Los Angeles Kings,1979-80,4,1,3,0,0,0,0,.000,10,21,0,2.50,5.25,6.3,80.0,24.8,34.3,--
762,Philadelphia Flyers,1997-98,5,1,4,0,0,0,0,.000,9,18,0,1.80,3.60,8.3,71.0,35.2,25.8,58.8
763,Winnipeg Jets (1979),1987-88,5,1,4,0,0,0,0,.000,17,25,0,3.40,5.00,18.9,71.4,28.6,30.8,0.0
764,Chicago Blackhawks,1987-88,5,1,4,0,0,0,0,.000,17,21,0,3.40,4.20,27.6,73.7,26.6,32.2,0.0
765,St. Louis Blues,1972-73,5,1,4,0,0,0,0,.000,9,22,0,1.80,4.40,--,--,28.0,35.4,--
766,Boston Bruins,2002-03,5,1,4,0,0,0,0,.000,8,13,0,1.60,2.60,16.7,86.4,28.0,27.2,51.4
767,New York Rangers,1937-38,3,1,2,0,0,0,0,.000,7,8,0,2.33,2.67,--,--,--,--,--
768,Montréal Maroons,1931-32,4,1,1,2,0,0,0,.000,6,5,0,1.50,1.25,--,--,--,--,--
769,Los Angeles Kings,1980-81,4,1,3,0,0,0,0,.000,12,23,0,3.00,5.75,31.3,81.3,31.0,33.0,--
770,Montréal Canadiens,1938-39,3,1,2,0,0,0,0,.000,5,8,0,1.67,2.67,--,--,--,--,--
771,Toronto Maple Leafs,1953-54,5,1,4,0,0,0,0,.000,8,15,0,1.60,3.00,--,--,--,--,--
772,New York Rangers,1955-56,5,1,4,0,0,0,0,.000,9,24,0,1.80,4.80,--,--,--,--,--
773,Vancouver Canucks,1983-84,4,1,3,0,0,0,0,.000,13,14,0,3.25,3.50,15.8,87.5,24.5,26.3,--
774,Phoenix Coyotes,2001-02,5,1,4,0,0,0,0,.000,7,13,0,1.40,2.60,4.0,92.6,26.8,26.6,49.7
775,Buffalo Sabres,1978-79,3,1,2,0,0,0,0,.000,9,9,0,3.00,3.00,12.5,100.0,34.0,25.7,--
776,Boston Bruins,1972-73,5,1,4,0,0,0,0,.000,11,22,0,2.20,4.40,--,--,29.0,32.2,--
777,San Jose Sharks,2011-12,5,1,4,0,0,0,0,.000,8,14,0,1.60,2.80,11.8,66.7,28.8,30.4,49.0
778,New York Islanders,1989-90,5,1,4,0,0,0,0,.000,13,22,0,2.60,4.40,15.4,67.7,33.4,30.0,0.0
779,New York Rangers,1929-30,4,1,2,1,0,0,0,.000,7,7,0,1.75,1.75,--,--,--,--,--
780,Detroit Red Wings,1956-57,5,1,4,0,0,0,0,.000,14,15,0,2.80,3.00,--,--,--,--,--
781,Detroit Red Wings,2011-12,5,1,4,0,0,0,0,.000,9,13,0,1.80,2.60,17.4,90.9,32.0,23.2,49.8
782,Montréal Canadiens,1931-32,4,1,3,0,0,0,0,.000,9,13,0,2.25,3.25,--,--,--,--,--
783,Nashville Predators,2006-07,5,1,4,0,0,0,0,.000,14,16,0,2.80,3.20,13.6,93.3,26.8,32.6,47.2
784,Los Angeles Kings,1973-74,5,1,4,0,0,0,0,.000,7,10,0,1.40,2.00,--,--,29.2,24.2,--
785,Vancouver Canucks,1978-79,3,1,2,0,0,0,0,.000,9,15,0,3.00,5.00,10.5,63.6,26.0,31.7,--
786,St. Louis Blues,1975-76,3,1,2,0,0,0,0,.000,8,7,0,2.67,2.33,--,--,23.0,43.3,--
787,Toronto Maple Leafs,1960-61,5,1,4,0,0,0,0,.000,8,15,0,1.60,3.00,--,--,16.4,18.8,--
788,New York Americans,1939-40,3,1,2,0,0,0,0,.000,7,9,0,2.33,3.00,--,--,--,--,--
789,Montréal Canadiens,2012-13,5,1,4,0,0,0,0,.000,9,20,0,1.80,4.00,15.8,76.0,36.0,30.8,51.7
790,New York Rangers,2010-11,5,1,4,0,0,0,0,.000,8,13,0,1.60,2.60,5.0,81.3,29.6,31.2,49.3
791,New York Islanders,2006-07,5,1,4,0,0,0,0,.000,11,17,0,2.20,3.40,10.5,83.3,26.8,32.4,52.7
792,Vancouver Canucks,1982-83,4,1,3,0,0,0,0,.000,14,17,0,3.50,4.25,10.0,77.8,32.8,29.0,--
793,New York Rangers,2015-16,5,1,4,0,0,0,0,.000,10,21,0,2.00,4.20,10.5,61.9,30.8,30.6,52.8
794,Minnesota Wild,2006-07,5,1,4,0,0,0,0,.000,9,12,0,1.80,2.40,7.4,73.7,28.8,29.2,51.6
795,St. Louis Blues,1982-83,4,1,3,0,0,0,0,.000,10,16,0,2.50,4.00,22.7,87.0,29.0,37.3,--
796,Buffalo Sabres,1999-00,5,1,4,0,0,0,0,.000,8,14,0,1.60,2.80,16.7,67.8,24.8,29.8,49.7
797,Chicago Blackhawks,2001-02,5,1,4,0,0,0,0,.000,5,13,0,1.00,2.60,5.9,75.0,24.2,27.8,46.7
798,Montréal Canadiens,1996-97,5,1,4,0,0,0,0,.000,11,22,0,2.20,4.40,0.0,67.8,28.4,42.2,0.0
799,Toronto Maple Leafs,1955-56,5,1,4,0,0,0,0,.000,10,14,0,2.00,2.80,--,--,--,--,--
800,Buffalo Sabres,1981-82,4,1,3,0,0,0,0,.000,11,17,0,2.75,4.25,--,--,26.8,28.3,--
801,Pittsburgh Penguins,1975-76,3,1,2,0,0,0,0,.000,3,8,0,1.00,2.67,--,--,37.0,31.0,--
802,Boston Bruins,1935-36,2,1,1,0,0,0,0,.000,6,8,0,3.00,4.00,--,--,--,--,--
803,Boston Bruins,1947-48,5,1,4,0,0,0,0,.000,13,20,0,2.60,4.00,--,--,--,--,--
804,Los Angeles Kings,1986-87,5,1,4,0,0,0,0,.000,20,32,0,4.00,6.40,23.8,63.6,25.4,36.6,--
805,Toronto Maple Leafs,1943-44,5,1,4,0,0,0,0,.000,6,23,0,1.20,4.60,--,--,--,--,--
806,Boston Bruins,1995-96,5,1,4,0,0,0,0,.000,16,22,0,3.20,4.40,25.9,83.3,37.6,28.0,0.0
807,New Jersey Devils,2003-04,5,1,4,0,0,0,0,.000,9,14,0,1.80,2.80,16.7,66.7,31.0,26.8,48.5
808,Boston Bruins,1934-35,4,1,3,0,0,0,0,.000,2,7,0,0.50,1.75,--,--,--,--,--
809,Detroit Red Wings,1983-84,4,1,3,0,0,0,0,.000,12,13,0,3.00,3.25,16.0,70.6,33.8,28.8,--
810,Montréal Maroons,1929-30,4,1,3,0,0,0,0,.000,5,11,0,1.25,2.75,--,--,--,--,--
811,New York Rangers,1934-35,4,1,1,2,0,0,0,.000,10,10,0,2.50,2.50,--,--,--,--,--
812,Florida Panthers,1996-97,5,1,4,0,0,0,0,.000,10,13,0,2.00,2.60,24.0,90.5,32.2,36.8,0.0
813,Montréal Canadiens,1949-50,5,1,4,0,0,0,0,.000,7,15,0,1.40,3.00,--,--,--,--,--
814,Montréal Maroons,1933-34,4,1,2,1,0,0,0,.000,4,7,0,1.00,1.75,--,--,--,--,--
815,Vancouver Canucks,2011-12,5,1,4,0,0,0,0,.000,8,12,0,1.60,2.40,14.3,88.5,34.4,33.2,51.7
816,Los Angeles Kings,2015-16,5,1,4,0,0,0,0,.000,11,16,0,2.20,3.20,21.4,76.2,25.0,26.6,54.5
817,Detroit Red Wings,2015-16,5,1,4,0,0,0,0,.000,8,12,0,1.60,2.40,4.0,82.6,32.0,27.6,50.0
818,Toronto Maple Leafs,1989-90,5,1,4,0,0,0,0,.000,16,20,0,3.20,4.00,14.3,71.4,31.2,34.0,0.0
819,Chicago Blackhawks,1935-36,2,1,1,0,0,0,0,.000,5,7,0,2.50,3.50,--,--,--,--,--
820,Calgary Flames,1984-85,4,1,3,0,0,0,0,.000,13,15,0,3.25,3.75,--,--,33.8,32.0,--
821,New York Rangers,1977-78,3,1,2,0,0,0,0,.000,6,11,0,2.00,3.67,20.0,81.8,24.7,32.7,--
822,New Jersey Devils,2009-10,5,1,4,0,0,0,0,.000,9,15,0,1.80,3.00,12.5,72.4,27.0,25.2,50.3
823,Chicago Blackhawks,1931-32,2,1,1,0,0,0,0,.000,2,6,0,1.00,3.00,--,--,--,--,--
824,Los Angeles Kings,1974-75,3,1,2,0,0,0,0,.000,6,7,0,2.00,2.33,--,--,31.7,33.0,--
825,Montréal Maroons,1926-27,2,0,1,1,0,0,0,.000,1,2,0,0.50,1.00,--,--,--,--,--
826,Ottawa Senators (1917),1923-24,2,0,2,0,0,0,0,.000,2,5,0,1.00,2.50,--,--,--,--,--
827,Chicago Blackhawks,1926-27,2,0,1,1,0,0,0,.000,5,10,0,2.50,5.00,--,--,--,--,--
828,Colorado Rockies,1977-78,2,0,2,0,0,0,0,.000,3,6,0,1.50,3.00,20.0,66.7,17.5,44.5,--
829,Pittsburgh Pirates,1925-26,2,0,1,1,0,0,0,.000,4,6,0,2.00,3.00,--,--,--,--,--
830,New York Rangers,1933-34,2,0,1,1,0,0,0,.000,1,2,0,0.50,1.00,--,--,--,--,--
831,Vancouver Canucks,1980-81,3,0,3,0,0,0,0,.000,7,13,0,2.33,4.33,8.3,63.6,22.3,29.3,--
832,Chicago Blackhawks,1986-87,4,0,4,0,0,0,0,.000,6,15,0,1.50,3.75,0.0,73.3,30.3,34.0,--
833,Anaheim Ducks,2017-18,4,0,4,0,0,0,0,.000,4,16,0,1.00,4.00,16.7,70.0,33.0,32.3,49.6
834,Boston Bruins,1983-84,3,0,3,0,0,0,0,.000,2,10,0,0.67,3.33,7.7,83.3,25.3,22.7,--
835,Toronto Maple Leafs,1954-55,4,0,4,0,0,0,0,.000,6,14,0,1.50,3.50,--,--,--,--,--
836,Edmonton Oilers,1979-80,3,0,3,0,0,0,0,.000,6,12,0,2.00,4.00,6.3,81.8,28.0,42.3,--
837,Edmonton Eskimos,1922-23,2,0,2,0,0,0,0,.000,1,3,0,0.50,1.50,--,--,--,--,--
838,Detroit Red Wings,1957-58,4,0,4,0,0,0,0,.000,6,19,0,1.50,4.75,--,--,32.5,32.8,--
839,Buffalo Sabres,1983-84,3,0,3,0,0,0,0,.000,5,13,0,1.67,4.33,0.0,80.0,27.7,24.3,--
840,Montréal Canadiens,1928-29,3,0,3,0,0,0,0,.000,2,5,0,0.67,1.67,--,--,--,--,--
841,Toronto St. Patricks,1924-25,2,0,2,0,0,0,0,.000,2,5,0,1.00,2.50,--,--,--,--,--
842,Los Angeles Kings,1978-79,2,0,2,0,0,0,0,.000,2,9,0,1.00,4.50,20.0,62.5,34.0,36.5,--
843,Vancouver Millionaires,1923-24,2,0,2,0,0,0,0,.000,3,5,0,1.50,2.50,--,--,--,--,--
844,Minnesota North Stars,1976-77,2,0,2,0,0,0,0,.000,3,11,0,1.50,5.50,--,--,25.0,32.0,--
845,St. Louis Blues,2008-09,4,0,4,0,0,0,0,.000,5,11,0,1.25,2.75,4.2,77.8,32.8,30.0,47.5
846,Chicago Blackhawks,1975-76,4,0,4,0,0,0,0,.000,3,13,0,0.75,3.25,--,--,27.5,32.8,--
847,Florida Panthers,1999-00,4,0,4,0,0,0,0,.000,6,12,0,1.50,3.00,7.1,87.5,26.0,34.0,50.5
848,New York Islanders,1993-94,4,0,4,0,0,0,0,.000,3,22,0,0.75,5.50,5.9,70.4,22.5,31.8,0.0
849,Vancouver Canucks,1985-86,3,0,3,0,0,0,0,.000,5,17,0,1.67,5.67,15.4,63.6,26.7,37.0,--
850,Montréal Maroons,1935-36,3,0,3,0,0,0,0,.000,1,6,0,0.33,2.00,--,--,--,--,--
851,St. Louis Blues,1976-77,4,0,4,0,0,0,0,.000,4,19,0,1.00,4.75,--,--,26.3,37.3,--
852,Montréal Canadiens,1927-28,2,0,1,1,0,0,0,.000,2,3,0,1.00,1.50,--,--,--,--,--
853,Boston Bruins,1927-28,2,0,1,1,0,0,0,.000,2,5,0,1.00,2.50,--,--,--,--,--
854,New York Rangers,1926-27,2,0,1,1,0,0,0,.000,1,3,0,0.50,1.50,--,--,--,--,--
855,Toronto Maple Leafs,1979-80,3,0,3,0,0,0,0,.000,8,17,0,2.67,5.67,26.7,69.6,29.3,45.0,--
856,Boston Bruins,1937-38,3,0,3,0,0,0,0,.000,3,6,0,1.00,2.00,--,--,--,--,--
857,Detroit Red Wings,1984-85,3,0,3,0,0,0,0,.000,8,23,0,2.67,7.67,--,--,35.0,29.0,--
858,Montréal Canadiens,2008-09,4,0,4,0,0,0,0,.000,6,17,0,1.50,4.25,0.0,75.0,27.8,32.5,48.9
859,Los Angeles Kings,1984-85,3,0,3,0,0,0,0,.000,7,11,0,2.33,3.67,--,--,35.3,33.3,--
860,Boston Bruins,1953-54,4,0,4,0,0,0,0,.000,4,16,0,1.00,4.00,--,--,--,--,--
861,Detroit Falcons,1931-32,2,0,1,1,0,0,0,.000,1,3,0,0.50,1.50,--,--,--,--,--
862,Chicago Blackhawks,1929-30,2,0,1,1,0,0,0,.000,2,3,0,1.00,1.50,--,--,--,--,--
863,Montréal Canadiens,1933-34,2,0,1,1,0,0,0,.000,3,4,0,1.50,2.00,--,--,--,--,--
864,Toronto Maple Leafs,1973-74,4,0,4,0,0,0,0,.000,9,17,0,2.25,4.25,--,--,38.8,36.3,--
865,Vancouver Canucks,2012-13,4,0,4,0,0,0,0,.000,8,15,0,2.00,3.75,20.0,70.8,31.5,36.5,43.9
866,Ottawa Senators (1917),1925-26,2,0,1,1,0,0,0,.000,1,2,0,0.50,1.00,--,--,--,--,--
867,Ottawa Senators (1917),1921-22,2,0,1,1,0,0,0,.000,4,5,0,2.00,2.50,--,--,--,--,--
868,Detroit Red Wings,2002-03,4,0,4,0,0,0,0,.000,6,10,0,1.50,2.50,14.3,100.0,42.8,30.0,54.2
869,Los Angeles Kings,2017-18,4,0,4,0,0,0,0,.000,3,7,0,0.75,1.75,7.7,91.7,32.5,32.8,52.4
870,Detroit Cougars,1928-29,2,0,2,0,0,0,0,.000,2,7,0,1.00,3.50,--,--,--,--,--
871,Winnipeg Jets (1979),1982-83,3,0,3,0,0,0,0,.000,9,14,0,3.00,4.67,35.3,81.8,28.7,31.3,--
872,Atlanta Flames,1977-78,2,0,2,0,0,0,0,.000,5,8,0,2.50,4.00,0.0,50.0,28.0,23.5,--
873,New York Rangers,1984-85,3,0,3,0,0,0,0,.000,10,14,0,3.33,4.67,--,--,34.0,36.7,--
874,Toronto Maple Leafs,1965-66,4,0,4,0,0,0,0,.000,6,15,0,1.50,3.75,--,--,28.5,37.0,--
875,Chicago Blackhawks,1992-93,4,0,4,0,0,0,0,.000,6,13,0,1.50,3.25,4.2,72.0,35.0,24.3,0.0
876,Calgary Flames,1995-96,4,0,4,0,0,0,0,.000,7,16,0,1.75,4.00,0.0,81.0,35.5,31.0,0.0
877,Atlanta Flames,1973-74,4,0,4,0,0,0,0,.000,6,17,0,1.50,4.25,--,--,26.8,34.8,--
878,Edmonton Oilers,1998-99,4,0,4,0,0,0,0,.000,7,11,0,1.75,2.75,11.8,90.9,23.3,37.3,42.7
879,Montréal Canadiens,1932-33,2,0,1,1,0,0,0,.000,5,8,0,2.50,4.00,--,--,--,--,--
880,Boston Bruins,1967-68,4,0,4,0,0,0,0,.000,8,15,0,2.00,3.75,--,--,26.5,35.8,--
881,Ottawa Senators (1917),1927-28,2,0,2,0,0,0,0,.000,1,3,0,0.50,1.50,--,--,--,--,--
882,Quebec Nordiques,1985-86,3,0,3,0,0,0,0,.000,7,16,0,2.33,5.33,18.8,64.3,33.0,34.3,--
883,Montréal Canadiens,1980-81,3,0,3,0,0,0,0,.000,6,15,0,2.00,5.00,11.8,91.7,32.0,28.7,--
884,Boston Bruins,1992-93,4,0,4,0,0,0,0,.000,12,19,0,3.00,4.75,18.2,73.7,34.0,29.0,0.0
885,Philadelphia Flyers,1970-71,4,0,4,0,0,0,0,.000,8,20,0,2.00,5.00,--,--,33.0,31.8,--
886,Boston Bruins,1980-81,3,0,3,0,0,0,0,.000,13,20,0,4.33,6.67,18.2,68.8,37.0,39.0,--
887,Phoenix Coyotes,2010-11,4,0,4,0,0,0,0,.000,10,18,0,2.50,4.50,33.3,73.3,29.5,35.0,47.8
888,Chicago Blackhawks,1939-40,2,0,2,0,0,0,0,.000,3,5,0,1.50,2.50,--,--,--,--,--
889,Boston Bruins,1985-86,3,0,3,0,0,0,0,.000,6,10,0,2.00,3.33,12.5,85.0,26.0,22.3,--
890,Los Angeles Kings,1977-78,2,0,2,0,0,0,0,.000,3,11,0,1.50,5.50,0.0,77.8,23.5,25.5,--
891,Toronto Maple Leafs,1980-81,3,0,3,0,0,0,0,.000,4,20,0,1.33,6.67,8.3,66.7,30.0,31.0,--
892,Chicago Blackhawks,1934-35,2,0,1,1,0,0,0,.000,0,1,0,--,0.50,--,--,--,--,--
893,Oakland Seals,1969-70,4,0,4,0,0,0,0,.000,6,13,0,1.50,3.25,--,--,28.3,33.3,--
894,Toronto Maple Leafs,1936-37,2,0,2,0,0,0,0,.000,1,5,0,0.50,2.50,--,--,--,--,--
895,Atlanta Flames,1978-79,2,0,2,0,0,0,0,.000,5,9,0,2.50,4.50,23.1,90.0,27.0,31.5,--
896,Hartford Whalers,1988-89,4,0,4,0,0,0,0,.000,11,18,0,2.75,4.50,6.7,77.8,32.3,29.5,0.0
897,St. Louis Blues,1984-85,3,0,3,0,0,0,0,.000,5,9,0,1.67,3.00,--,--,37.0,30.3,--
898,Anaheim Ducks,1998-99,4,0,4,0,0,0,0,.000,6,17,0,1.50,4.25,20.0,69.6,28.8,33.8,46.4
899,Ottawa Senators,1998-99,4,0,4,0,0,0,0,.000,6,12,0,1.50,3.00,11.1,77.8,40.5,26.5,53.1
900,Calgary Flames,1981-82,3,0,3,0,0,0,0,.000,5,10,0,1.67,3.33,--,--,36.0,32.7,--
901,Atlanta Thrashers,2006-07,4,0,4,0,0,0,0,.000,6,17,0,1.50,4.25,5.9,79.2,24.8,35.8,46.8
902,New York Americans,1938-39,2,0,2,0,0,0,0,.000,0,6,0,--,3.00,--,--,--,--,--
903,Toronto Maple Leafs,1951-52,4,0,4,0,0,0,0,.000,3,13,0,0.75,3.25,--,--,--,--,--
904,Ottawa Senators,2007-08,4,0,4,0,0,0,0,.000,5,16,0,1.25,4.00,7.7,73.9,28.0,40.3,53.3
905,Ottawa Senators,2000-01,4,0,4,0,0,0,0,.000,3,10,0,0.75,2.50,0.0,76.9,30.8,24.8,50.2
906,Los Angeles Kings,1997-98,4,0,4,0,0,0,0,.000,8,16,0,2.00,4.00,3.4,77.8,28.0,34.5,52.9
907,Chicago Blackhawks,1976-77,2,0,2,0,0,0,0,.000,3,7,0,1.50,3.50,--,--,17.5,36.0,--
908,Tampa Bay Lightning,2013-14,4,0,4,0,0,0,0,.000,10,16,0,2.50,4.00,28.6,84.6,26.0,34.5,51.3
909,Philadelphia Flyers,1983-84,3,0,3,0,0,0,0,.000,5,15,0,1.67,5.00,14.3,72.7,30.3,30.0,--
910,Montréal Maroons,1930-31,2,0,2,0,0,0,0,.000,1,8,0,0.50,4.00,--,--,--,--,--
911,Winnipeg Jets (1979),1985-86,3,0,3,0,0,0,0,.000,8,15,0,2.67,5.00,20.0,86.7,30.7,34.3,--
912,Toronto Maple Leafs,1930-31,2,0,1,1,0,0,0,.000,3,4,0,1.50,2.00,--,--,--,--,--
913,Columbus Blue Jackets,2008-09,4,0,4,0,0,0,0,.000,7,18,0,1.75,4.50,23.1,68.2,27.5,35.0,51.3
914,St. Louis Blues,1979-80,3,0,3,0,0,0,0,.000,4,12,0,1.33,4.00,11.1,62.5,29.3,36.7,--
915,St. Louis Blues,1993-94,4,0,4,0,0,0,0,.000,10,16,0,2.50,4.00,15.0,73.9,34.0,39.8,0.0
916,Montréal Canadiens,1934-35,2,0,1,1,0,0,0,.000,5,6,0,2.50,3.00,--,--,--,--,--
917,Philadelphia Flyers,1968-69,4,0,4,0,0,0,0,.000,3,17,0,0.75,4.25,--,--,29.0,32.5,--
918,New York Rangers,2005-06,4,0,4,0,0,0,0,.000,4,17,0,1.00,4.25,9.5,70.4,28.5,26.0,49.8
919,Hartford Whalers,1979-80,3,0,3,0,0,0,0,.000,8,18,0,2.67,6.00,0.0,80.0,25.3,34.7,--
920,Chicago Blackhawks,1985-86,3,0,3,0,0,0,0,.000,9,18,0,3.00,6.00,18.8,66.7,36.0,33.7,--
921,Chicago Blackhawks,1978-79,4,0,4,0,0,0,0,.000,3,14,0,0.75,3.50,0.0,81.8,23.8,31.5,--
922,Pittsburgh Penguins,1971-72,4,0,4,0,0,0,0,.000,8,14,0,2.00,3.50,--,--,30.5,36.3,--
923,Toronto Maple Leafs,1968-69,4,0,4,0,0,0,0,.000,5,24,0,1.25,6.00,--,--,32.8,41.0,--
924,Winnipeg Jets (1979),1983-84,3,0,3,0,0,0,0,.000,7,18,0,2.33,6.00,20.0,100.0,38.0,45.0,--
925,Vancouver Canucks,1975-76,2,0,2,0,0,0,0,.000,4,8,0,2.00,4.00,--,--,31.0,32.0,--
926,St. Louis Blues,1974-75,2,0,2,0,0,0,0,.000,6,9,0,3.00,4.50,--,--,32.0,27.5,--
927,Philadelphia Flyers,1982-83,3,0,3,0,0,0,0,.000,9,18,0,3.00,6.00,17.6,75.0,35.7,28.3,--
928,Atlanta Flames,1975-76,2,0,2,0,0,0,0,.000,1,3,0,0.50,1.50,--,--,23.5,26.0,--
929,Calgary Tigers,1923-24,2,0,2,0,0,0,0,.000,1,9,0,0.50,4.50,--,--,--,--,--
930,Chicago Blackhawks,1959-60,4,0,4,0,0,0,0,.000,6,14,0,1.50,3.50,--,--,25.3,32.5,--
931,Winnipeg Jets,2014-15,4,0,4,0,0,0,0,.000,9,16,0,2.25,4.00,15.4,72.7,29.5,34.5,46.1
932,New York Americans,1928-29,2,0,1,1,0,0,0,.000,0,1,0,--,0.50,--,--,--,--,--
933,Los Angeles Kings,1999-00,4,0,4,0,0,0,0,.000,6,15,0,1.50,3.75,0.0,69.6,27.5,31.5,45.9
934,Chicago Blackhawks,1945-46,4,0,4,0,0,0,0,.000,7,26,0,1.75,6.50,--,--,--,--,--
935,Calgary Flames,2016-17,4,0,4,0,0,0,0,.000,9,14,0,2.25,3.50,37.5,76.9,34.5,30.5,46.6
936,Vancouver Canucks,2000-01,4,0,4,0,0,0,0,.000,9,16,0,2.25,4.00,25.0,73.7,22.0,29.0,48.5
937,Ottawa Senators (1917),1929-30,2,0,1,1,0,0,0,.000,3,6,0,1.50,3.00,--,--,--,--,--
938,Detroit Red Wings,1969-70,4,0,4,0,0,0,0,.000,8,16,0,2.00,4.00,--,--,36.0,34.3,--
939,New York Rangers,1966-67,4,0,4,0,0,0,0,.000,8,14,0,2.00,3.50,--,--,29.3,33.5,--
940,Chicago Blackhawks,1980-81,3,0,3,0,0,0,0,.000,9,15,0,3.00,5.00,9.1,72.7,43.3,41.0,--
941,Chicago Blackhawks,1977-78,4,0,4,0,0,0,0,.000,9,19,0,2.25,4.75,26.7,55.5,20.0,29.3,--
942,New York Rangers,1968-69,4,0,4,0,0,0,0,.000,7,16,0,1.75,4.00,--,--,28.5,26.0,--
943,New York Islanders,1985-86,3,0,3,0,0,0,0,.000,4,11,0,1.33,3.67,9.1,76.9,30.0,31.0,--
944,Toronto St. Patricks,1920-21,2,0,2,0,0,0,0,.000,0,7,0,--,3.50,--,--,--,--,--
945,Montréal Canadiens,1982-83,3,0,3,0,0,0,0,.000,2,8,0,0.67,2.67,7.7,71.4,25.3,24.3,--
946,Montréal Maroons,1932-33,2,0,2,0,0,0,0,.000,2,5,0,1.00,2.50,--,--,--,--,--
947,New York Rangers,1988-89,4,0,4,0,0,0,0,.000,11,19,0,2.75,4.75,20.7,77.8,39.5,34.0,0.0
948,Chicago Blackhawks,2016-17,4,0,4,0,0,0,0,.000,3,13,0,0.75,3.25,22.2,87.5,31.5,31.0,47.2
949,Boston Bruins,1986-87,4,0,4,0,0,0,0,.000,11,19,0,2.75,4.75,26.3,71.4,31.8,28.3,--
                     ,,,,,,,,,,,,,,,,,,,,
